r,3,4,5,6,7,8,9,10,11,12,13,14,15,16,17,18,19,20,21,22,23,24,25,26,27,28,29,30,31,32,33,34,35,36,37,38,39,40,41,42,43,44,45,46,47,48,49,50
0.0,0.22772907872064305,0.4671674316075051,0.6563785640743472,0.838316323788325,0.9833911469280139,1.1038824248864771,1.223091760039862,1.3154449675346005,1.4047758928668201,1.4785689734601606,1.536013387648693,1.6077756513349306,1.657110379779232,1.7102493016902216,1.7511294510755993,1.8031148640762744,1.8417232260376217,1.8829059862967004,1.9185771013135318,1.9494337598142892,1.9787057827621939,2.0077595387866918,2.0254779121968576,2.0618545129254633,2.078914805413877,2.103656622174266,2.1222513794457245,2.1401648558117885,2.1613580439047344,2.1843841895804124,2.1964289205637,2.2173592147581953,2.2338164885797207,2.2479700245580854,2.2645671973618504,2.2807953632273215,2.2906584810512194,2.303246533158571,2.312306431603022,2.32377322902612,2.3398197420964415,2.350409467154883,2.358113641092058,2.371748009454474,2.378852943686203,2.389775505694432,2.3990915510991635,2.409864839608156
0.01,0.2326378925457903,0.4677814759993148,0.6703980751668046,0.8479129541160251,0.9807923029832432,1.1083330576228356,1.211427632501748,1.3159937255307261,1.3959288859906063,1.4678574481554056,1.5495671673811666,1.6030254072871957,1.664521024948023,1.7149126188581683,1.7568030653579665,1.800538970256869,1.8385558800557256,1.8729433917778482,1.918202763036915,1.943057568133197,1.9817509219664253,2.0108410705834943,2.0338954122354767,2.054489862710652,2.075185938828425,2.10282265842559,2.1237420887695797,2.1445820786520655,2.1633621122380786,2.181081247842366,2.203394134220873,2.2171177577926726,2.2305034766700635,2.2491932858604877,2.2578510892877612,2.2799479299628707,2.2865731067068125,2.3028784113047593,2.312168392178226,2.3289875803627633,2.3411382097874966,2.3492724648986454,2.361424956059806,2.3707224917757412,2.380978960568072,2.3900661595126595,2.40175677643335,2.409007901291998
0.02,0.229195333982146,0.47182957157446936,0.6663289479068761,0.8409177393266141,0.9826747437072595,1.11741094027077,1.2199883297336462,1.3107881274722435,1.4044015031323902,1.4765072051746058,1.5433194391160023,1.6111844286021915,1.662610750039394,1.7155380028678768,1.763961317640165,1.8112639287302221,1.845872418516265,1.88268030537612,1.9115004424281292,1.9433295357243578,1.9824565163249135,2.0088005835664013,2.026092613670176,2.056069006381679,2.0801463157789373,2.1043293994576047,2.1262733750419747,2.144302915628391,2.1644651530384107,2.1781579563371705,2.199516344935172,2.2157883898904207,2.2350991744351774,2.2509659691189827,2.259919767488033,2.2780966125123916,2.2950675055708305,2.3074371880584454,2.315055114439561,2.3299112421522623,2.336307124879351,2.3502820865594547,2.364576593353223,2.373703517667741,2.385690279812094,2.3944748322132265,2.398919026870152,2.4086996579599655
0.03,0.23492317238687288,0.4674813794073946,0.6715481079086935,0.8418228907025611,0.9791687495364083,1.1151076714157635,1.2212474449712267,1.3134446896319083,1.4020277132250782,1.4709772205893072,1.5432296497625761,1.6079456976277189,1.660928925641116,1.7149065438201587,1.765417045326649,1.803253561818319,1.8423347376598478,1.8859017882981883,1.9094572709067892,1.9479579640028262,1.976339109626004,2.008369470680047,2.029746686139296,2.05611153003588,2.0814926774718603,2.106487571263144,2.1270908732375937,2.1420158191595857,2.1640552527645194,2.1825041643856586,2.199283115316783,2.219042359094018,2.232881614239355,2.2465580483286396,2.2658801766036896,2.2760428895754106,2.292996486000186,2.3026172700464373,2.314562002808927,2.330086028878222,2.3377076467420626,2.3519906922864067,2.3620209047883054,2.3748282270787966,2.3810882239574918,2.3948689164556316,2.400394257049651,2.410175328684968
0.04,0.23240899138183194,0.4632997304358032,0.664242474811428,0.8355370651584519,0.9807122779562183,1.1154306365230864,1.2245512318820155,1.3103458695285388,1.3989299426805433,1.4854809788031613,1.550776166119565,1.6127134985714082,1.6655326181241232,1.7150666793186147,1.7656110712676205,1.8016621094970169,1.8406082466748046,1.8855679950626514,1.913701292364747,1.946435654343228,1.9871697397775576,2.004255831899493,2.024301387326298,2.055163432582137,2.084605988536003,2.104506287108261,2.126027527589252,2.1498219427383813,2.163318449051764,2.1856238774356362,2.199277079158588,2.2186907615206692,2.2348872500238492,2.247623093449928,2.2665588138858985,2.276291980755853,2.2949106147175242,2.3036950202233237,2.317355606562841,2.3273846379030396,2.3371487652541205,2.350275713054676,2.3619300017159097,2.3767303283653383,2.3848406642810103,2.3949388360354216,2.39780534872766,2.4119978545904894
0.05,0.23572793682260504,0.47161335806551735,0.6722699888971969,0.8365509043226789,0.9817767888405029,1.1174594497759522,1.215157846979046,1.3094701300872384,1.4040658268808321,1.4756929808431505,1.5400199559242491,1.6132163562722,1.6565325343232757,1.7175495786674084,1.7583216296031956,1.801485201584007,1.8453368109088917,1.8806698958520305,1.913183228033978,1.9485443573871297,1.979738512117321,2.0102324973589263,2.024742886464963,2.0550311525546427,2.0856118344303907,2.105304645431497,2.1197565739007906,2.149161714142336,2.1614628039591812,2.180339416375102,2.197709926957096,2.2168005705546285,2.233697738939276,2.246842335082948,2.2615572601584137,2.2780321520886253,2.2916426067157056,2.3040087853735263,2.3139751837259666,2.3282754624171966,2.3403036194264737,2.3558768775246146,2.3627194987274405,2.376331914515029,2.3816401599213295,2.3909313907586647,2.4061227160380763,2.4092665341854906
0.06,0.2337238208407808,0.46487153696280076,0.666755815993781,0.8422473089289149,0.9895789500446549,1.1202943543970358,1.229800842863959,1.3142955211439955,1.4090754365460771,1.483215242704748,1.5479700629010655,1.6117382835575154,1.668644353785743,1.7180031143890226,1.7658526069766458,1.8055430145589744,1.8490463828932606,1.8834756486700102,1.9179931636804386,1.9477992355857792,1.9838614721187724,2.009946457367091,2.0341928591762195,2.057928897003997,2.0843994205141807,2.1024653239248865,2.125984553208129,2.147651056487502,2.1707996993551153,2.1866286024840855,2.2054202789238984,2.2165802995055985,2.231535683956299,2.2526597140561746,2.2649565721809783,2.2776949985863375,2.2898347424427365,2.3013966532528713,2.319743373683193,2.327086686231495,2.342833595447679,2.351490971105766,2.362747818551178,2.374860697105256,2.383254472203847,2.3945453406077957,2.4010071361023075,2.4142793543571655
0.07,0.22649937752642774,0.4618447594365378,0.6599338208353581,0.8468867214740975,0.9906302753445708,1.1115178964524337,1.2262219683781905,1.3304686125579566,1.4076378003804157,1.4765076808125868,1.5565804598571622,1.6079318869430645,1.6592429818980923,1.7181371183930163,1.7645065211460584,1.8000939167816354,1.842867415258936,1.8913002522140439,1.9162221203562562,1.9488396735704285,1.98241614682563,2.00876830656532,2.040593657520434,2.060581413406388,2.0849645772165513,2.1040728137244424,2.125746214513253,2.1479894998053464,2.1635520718350367,2.181270562104125,2.1968690256685566,2.220994912820989,2.238472867992395,2.248885062875705,2.263377515655916,2.2794947376495247,2.289708229109348,2.3044513967773583,2.316412005358545,2.3336983631930686,2.3412841088376024,2.3506479166924965,2.3616751102924973,2.375912162133587,2.381381730635081,2.3932678753934624,2.4017861874076094,2.4123842175043095
0.08,0.2366963088845082,0.47737881747375777,0.6646477395102093,0.8357121582905267,0.9895157208155619,1.1200111552644365,1.2255319112039968,1.322694731451628,1.4029266824166233,1.487375044043753,1.5477924408980057,1.616438483156599,1.6655775806707729,1.72310320537687,1.7608209128540657,1.806209287535588,1.8458795036153666,1.8817371189598233,1.9220406241462074,1.9527768845897702,1.9804297032939966,2.0084940618455995,2.03310460049838,2.061374943702597,2.080928516132383,2.107294303293867,2.127479064335569,2.1420442381626144,2.1672144262853665,2.1814849372110348,2.2041041483506985,2.22380457424998,2.2354821410761248,2.250177439017679,2.2622075707368836,2.2795668911643845,2.2934761256468708,2.3088697262775666,2.3154199913126066,2.3302995616250963,2.3430443570194055,2.3516165029674503,2.3666342089628185,2.3764204349337037,2.3812215776789074,2.395197090679711,2.40321320683883,2.411427122972009
0.09,0.23187799845640056,0.4718448411870411,0.6843716177178166,0.8441915282200977,0.9958772908182509,1.1115265505030971,1.2283896363384663,1.31851530747935,1.4052159963641495,1.489066701031811,1.5428434868837655,1.6159381382413667,1.6712823731271305,1.7215260113489157,1.7694519115882432,1.8166409332293334,1.84171425322422,1.8849329870738574,1.9212471269947309,1.9488596859363798,1.9806234240309846,2.008129917531441,2.0455877311004422,2.068290626365947,2.0857294678567215,2.1110136485275643,2.126578870669246,2.1496683993608694,2.165195393586208,2.1888358645703794,2.2083905091062332,2.2214176237811487,2.2371086790694363,2.248975003161564,2.2649858229428816,2.276880783095602,2.2922169234964356,2.307654794470768,2.3209719606869923,2.332834629204298,2.341423445845201,2.357086006448727,2.368529993058103,2.3768067477980823,2.3872458247303383,2.3933251786804557,2.4068328536834347,2.416688913911574
0.1,0.23803177823308963,0.47767269381751726,0.6705258755671467,0.8385061300573216,0.9952241227877334,1.1174356548667765,1.2309495486772317,1.3255462384927328,1.4157488700092153,1.4889897771757896,1.553584316089708,1.6118812580956143,1.667772300521582,1.7205412981334827,1.7709286064347156,1.8072458759758452,1.854661895940671,1.883645958995533,1.9226793361591945,1.945325502374182,1.983030068445419,2.0074520369474333,2.038148991984445,2.065791488031732,2.089961507912529,2.107924097974732,2.12807185306667,2.1490194073356625,2.1744569588995293,2.190765051672352,2.2024788174008036,2.222900713647702,2.2426993911246162,2.2551024947813336,2.269186830174459,2.2846475141259126,2.29481766670964,2.3064694238944874,2.3162518195400814,2.333626697549895,2.3476614122613944,2.353961743175854,2.3643822571078243,2.3737890479801553,2.3836822178082824,2.3968736611131884,2.4053556269874417,2.4103955471913583
0.11,0.23212926064056752,0.4799618816083219,0.6727113959013391,0.8451539489082011,0.994658453818223,1.1219793609673694,1.2250740229656827,1.3275947355627995,1.423399152044678,1.4826445381304785,1.5551851523743259,1.6169066067991704,1.6810044366045351,1.7245825290430137,1.7758312579752453,1.8139313506506487,1.8504122928619935,1.8880415987508594,1.9184266027301984,1.955771495273904,1.984580676257612,2.009078865401583,2.038859125551516,2.067865706036944,2.082953685730197,2.1104153477206222,2.1303605981402365,2.1477772344098915,2.1761368651410704,2.190795567683129,2.2085881942075827,2.2230336357814506,2.2433389820996052,2.254982935875439,2.2637024789184728,2.281367339901114,2.29282982636403,2.3090468469235588,2.3222071412474055,2.3336030321537065,2.3449401640965606,2.3529222009168587,2.3654212301531117,2.3757067863329184,2.387579271871487,2.3982455224890895,2.403867098758282,2.4167608666629725
0.12,0.2299582556881303,0.47244801239339645,0.6696359394481137,0.8460954456733727,0.9959529375563575,1.1202163857887226,1.2391545449300707,1.3364648502971563,1.4036190999179945,1.492737988291565,1.5520885819298509,1.6160565565845746,1.6767989483536316,1.7293754271865394,1.7786941381451316,1.815367787029539,1.8501397194207647,1.8876371327085795,1.9207148040216806,1.955611330337887,1.989891723220272,2.014208342739055,2.0371781636158266,2.0663931148067256,2.0889746489899954,2.1102243801659424,2.129010532772636,2.150114156277512,2.1733154460940405,2.186352145331247,2.209365703464487,2.2235669475797373,2.242604996145268,2.2563219772006193,2.271526609794107,2.280610198763,2.293252337296727,2.3106407357297303,2.317088438012399,2.333549808119758,2.3434182271901065,2.3579516852156557,2.3702323656333233,2.378217232847686,2.38689443218343,2.3987530903277947,2.404141187644848,2.4155829336372125
0.13,0.24301824287586912,0.4723490911901763,0.6830074899884924,0.8497113493148513,1.0023623773048007,1.1153404414400707,1.2381975700952625,1.3320045026229,1.4098376736274862,1.4871816948825562,1.5585740292030386,1.6204584309527568,1.6852175797566387,1.727761515486422,1.7704538147897693,1.8164750271043735,1.8548685939645497,1.8925320529582854,1.927209979622765,1.9581102070689698,1.995738531452448,2.0167699921683058,2.0425757569063583,2.0649528855775166,2.0918191965259973,2.1149032187179913,2.133726439976974,2.157009891871153,2.176024089798128,2.1893671880427554,2.2097085185951553,2.2249843119662427,2.2388259924963343,2.2559207162286086,2.2711904395644154,2.285656619003136,2.29715749156035,2.3102472600357444,2.3242354902242055,2.334646960797896,2.346825968818208,2.3591122836561285,2.370301736831135,2.375947751536203,2.38625082827809,2.3963655053010005,2.4076370724490164,2.417066265985487
0.14,0.22884990154692797,0.47443924956527567,0.6897835287899845,0.854627285244471,1.0122322013942326,1.128219768963835,1.2365625388012005,1.3422905365025368,1.417397449320377,1.5003950462283355,1.5605804844799014,1.6238588375712149,1.6836576456269081,1.7251552525429827,1.772766341335013,1.822364875719,1.8572031476177089,1.8947392695260223,1.9250103149613522,1.9576535774406507,1.9997962248617975,2.02256643087718,2.0451473233238397,2.0713128263251597,2.0944324933372513,2.1187674438399178,2.1383622971561254,2.148728418842698,2.1734948007832684,2.1951557722106636,2.2122194449997,2.2245939093325107,2.244435135380573,2.260202556080014,2.2692856841771945,2.28216402664655,2.296116916391937,2.3089630193449935,2.326620591472442,2.333671551179088,2.3500465750120165,2.358911078048634,2.3732454457039185,2.378310654815978,2.3874600038339464,2.401328187582759,2.410865568556041,2.4166442028456196
0.15,0.23963559268485654,0.47379008385762456,0.6866124823089899,0.8562981962254335,1.0053158684018162,1.1301208561955376,1.2346740000893823,1.3345858844643517,1.4258348232676044,1.5072273428136382,1.5620149289730976,1.626703442464534,1.680037735098475,1.7315482198019723,1.7823414338827086,1.8186521116983696,1.8566462933020447,1.8967039608742966,1.9265989124549814,1.9642532735598106,1.9957130024317709,2.0211478498289783,2.041910673342099,2.077217537085455,2.094744970065217,2.1203821486063537,2.1399129765148808,2.1555474194572684,2.1817418546055034,2.1927937671010715,2.2147349383893498,2.22951831351434,2.247370077619796,2.262557329423049,2.2767991979543662,2.2874399673812427,2.308008144583678,2.3154848510144954,2.325352645916997,2.341177133405894,2.3500330181904627,2.3635645202408244,2.374418881567635,2.3812442560533187,2.3891995363306235,2.398990729481873,2.413502795198711,2.4168062001689994
0.16,0.2383444431108042,0.4798294761203215,0.6873541877399428,0.8637643545017001,1.0022895635930422,1.133265046364825,1.2449701662976322,1.3285118921095969,1.4239594903395754,1.4977887801972538,1.578004961610771,1.6299579392583097,1.6822818174839396,1.7389449445194574,1.777396846292731,1.830014045899673,1.8590828232827752,1.900263591367128,1.9295966436283698,1.9692852221806936,1.9985900777265042,2.0290540528134575,2.0517250528543345,2.0725441061270207,2.096645715025612,2.122882119936484,2.1393994523776,2.156165753352394,2.1781045078499246,2.200486326724366,2.213397269653674,2.2275512592489286,2.2529394068447437,2.259008432759996,2.277398802055724,2.294398662459378,2.303040023381451,2.3169882960867456,2.32513578254334,2.337920887833992,2.3503379256463397,2.360009654591092,2.37407037108928,2.38412713147047,2.393877410654945,2.405183551380331,2.41585833047595,2.4169068333618924
0.17,0.23862679085333172,0.4822409523652002,0.6838674808283858,0.8616815590807423,1.00943150171726,1.1384063822219612,1.2455891999825912,1.3409520433827509,1.4285026666172254,1.5056319983852395,1.569944398889483,1.6273224288050165,1.6877345345741546,1.7373516341473574,1.7836362932524785,1.8317520557718585,1.868415950142929,1.8964799362195648,1.9332371069327359,1.9727719345001828,2.001989563412886,2.0265493713042595,2.052808926275761,2.078479337527839,2.0976129725112416,2.1176778877256113,2.1447522646908,2.158303203496186,2.1828748426494866,2.199810704423278,2.21795670940678,2.2309815490207594,2.2550267593573046,2.2624670776716433,2.2802062236696328,2.293460169110893,2.3018637614951194,2.316688525421318,2.3309336600393737,2.341979480461805,2.358136909229886,2.366510920590819,2.3787098920155327,2.3858859839691493,2.394453987693941,2.4072571554474806,2.4157426872246015,2.4232420451423273
0.18,0.24189686419004897,0.4846189881783269,0.6880077700900425,0.8735112394094343,1.0084225855580022,1.1404739321873334,1.248919605819357,1.3367662002385379,1.4373049684323438,1.5068115733755385,1.583814856005014,1.6312274923991128,1.6863093529496274,1.7324149617343205,1.7845234631442084,1.8253065619223388,1.872541983431286,1.9010874787209193,1.937427550571366,1.9701696995074789,1.9967324864812221,2.0271972032258865,2.0527369500526,2.0801857582931023,2.1003709358446594,2.1221612642536534,2.1435819307089687,2.1661424290417997,2.177943092435512,2.1992608539083895,2.219035242778322,2.238790186427828,2.2526614924501804,2.2622843867682043,2.2785101916405623,2.2944371353699378,2.3069691449270344,2.3180221376251096,2.3327244694515055,2.344719756012215,2.3539880690354957,2.3702604564886514,2.3782325021859134,2.3866300658763953,2.398256404418858,2.4026170315027904,2.4138897721050148,2.4269964796895565
0.19,0.23950732715582876,0.4870977550906397,0.6878160763714841,0.862956783178317,1.0147430915767164,1.1505332457305326,1.2535804243214625,1.340085686293106,1.4376777949330812,1.5148154450355782,1.5780654118152144,1.6328243054662852,1.685684387447173,1.74354724127821,1.7910009479836937,1.8308567591654423,1.8685700784579475,1.8996199122246948,1.9386782633377868,1.9732549297311133,2.0010103518436098,2.0277707203895248,2.0542880427227264,2.0830507915252015,2.096975204534814,2.1264933240414776,2.1505305527614724,2.1720785890611234,2.182939787915546,2.2023255960237282,2.220035269287,2.233402517443166,2.249299592597686,2.264400267150321,2.281510464177254,2.293519603552435,2.309794976557114,2.320791280449088,2.3327146471680296,2.348753654662989,2.3556453301265203,2.369945119890493,2.3775046787564356,2.3919233620518963,2.3993288343962407,2.40735666453308,2.41756638158502,2.4277897902501717
0.2,0.2473818572878318,0.4752817320172387,0.6888462366380576,0.868817289210201,1.0160261142204468,1.1450290336538722,1.2555574342826088,1.3552740370712606,1.4389262232942315,1.5144633105110892,1.58376006820171,1.6463783539996935,1.6922467100380805,1.7506446730435596,1.7930784733911653,1.8375796232618922,1.8715345678054625,1.9066661568327663,1.946535988182771,1.9825152843068845,2.0056220603690154,2.030827990151864,2.06340362589287,2.084997514481818,2.110944464511544,2.124208911877826,2.1453761334787944,2.169422898023854,2.188320505797128,2.2066482545898927,2.2260920295361992,2.23991646629764,2.252257008714022,2.270859420621579,2.282542989043311,2.295235441066394,2.308270665758587,2.3253784470110626,2.339430025620379,2.344156999031482,2.3595989870573932,2.370999485682509,2.3796980495268683,2.3920413488283474,2.397828262746125,2.410167869116194,2.4245072836639294,2.4300155216285124
0.21,0.24513676283280253,0.48030693985706,0.6991526754609947,0.8775913824638701,1.0263271239121714,1.1598707716955363,1.254989519881052,1.3589852845361232,1.4425987481401505,1.5113893102499578,1.5839759746392752,1.6473717164440465,1.704742281962604,1.7382909280248602,1.7857139229927341,1.8317568857812394,1.8782370511458164,1.9204662650067081,1.9482281538305897,1.9767252135355204,2.003078539717115,2.034091137591318,2.0631329150720656,2.0858459666202807,2.1053902416472012,2.1358585195803608,2.1486662214147074,2.1753556759362156,2.193267644662808,2.2125745027322465,2.225781820970749,2.2422362208887496,2.257037112230022,2.2711744929647257,2.28250198946163,2.2982234201891876,2.315893125988137,2.328091186248003,2.337188128060493,2.3471621065718242,2.3581813186666323,2.3731345535482067,2.380377538348691,2.3945137824195126,2.399756819824337,2.411627453713232,2.4227913099196132,2.4306083064607114
0.22,0.24308870997266663,0.4937469739837766,0.7076075810407743,0.8801740861660019,1.0300432970439024,1.1618217845520626,1.2687991513900834,1.3559554104626343,1.442365301534166,1.5153604334058437,1.588539719279604,1.6541721284769073,1.7032737309325139,1.7555331370533942,1.79407875160606,1.835635385226378,1.8842002332367245,1.9173878595709195,1.9515031001172232,1.9819656611247851,2.0093399204174025,2.0413700329921203,2.06533771968629,2.088890456064908,2.1088043656850957,2.1354167672691013,2.1522812525742845,2.1732261609197376,2.192024453219527,2.2099684847687757,2.2309747568240326,2.2383133832896394,2.2583298466670976,2.2730135451362377,2.287328336608878,2.3049553228365496,2.3198267332663316,2.3281153390443583,2.3391955944298077,2.348126772009665,2.3672028066580015,2.3717883203814947,2.3847007902932957,2.3914244304747783,2.402272212592403,2.4107619956400463,2.4234121589167392,2.432369198098413
0.23,0.2558604282416933,0.49436800853654994,0.7058833324096727,0.8825634912970768,1.0312310754029868,1.1603209437030775,1.2740005782556718,1.374671368768361,1.448734933725427,1.522949579359752,1.5880047079147672,1.6523742839792268,1.7047377090166624,1.7555605513336396,1.8118898186709806,1.849375772836512,1.8851011761853333,1.9191167865714822,1.949483069650242,1.9865118333841123,2.013007814813914,2.0422167361135504,2.0598670087257096,2.089546971219491,2.1168059505672625,2.1322312948008095,2.1566912608650344,2.177613268303943,2.1977904811699047,2.214742848713419,2.2321514742224826,2.2500612637577433,2.259617373608742,2.2793148784231936,2.2931223511270655,2.3077620035681585,2.3163308984955004,2.327708971226066,2.343941989893407,2.3516183975116833,2.363122119818072,2.3820294451275896,2.391359252873771,2.3961476432113824,2.4111438536084586,2.4140242232854847,2.425516986584564,2.434633448659477
0.24,0.2414741186707523,0.49687388683743033,0.7141897485995071,0.8841185392293085,1.0353130611654602,1.1620361191170974,1.2674117114412893,1.3749039651858943,1.4525862281113915,1.5323201711210057,1.6003753749993839,1.6618973430348465,1.7154830864021182,1.7622973766590522,1.80107347006588,1.8510516916919832,1.884892681445627,1.9246068698905971,1.957844035833631,1.987860754890282,2.01363450654208,2.0421953967866906,2.0711122274583977,2.094437197622683,2.1230386294605403,2.1389809980287646,2.15776309230948,2.17945655844913,2.199423978809723,2.216280673245754,2.2337113104913975,2.2490397548436833,2.262483118541806,2.2774661634655207,2.289399868908811,2.307922341481446,2.320172091342056,2.332283529828389,2.3443794105843185,2.3578233768860017,2.3673996679896208,2.3782328546581395,2.3903562189605463,2.400473012605744,2.40782887589905,2.420220666719864,2.4249281256756414,2.4368029022650255
0.25,0.24694446406744555,0.5012376000513807,0.7105880380475953,0.8858428290552263,1.0489768731156783,1.1692500045536327,1.271701141094305,1.3777020704201342,1.4553207504718333,1.542323427972916,1.6041952224317386,1.6626396338449299,1.7218172282739155,1.7605549682940231,1.812869752308417,1.8533352459433405,1.887550294460309,1.9325509963690046,1.9624513438867817,1.993045159855203,2.0165149052078966,2.0451022053809638,2.0688311020340144,2.0989794202652603,2.1271709983891025,2.1442462768211454,2.1643580077071247,2.180028304089242,2.2041421636360288,2.2190386330553045,2.2355114091883808,2.2482307602761007,2.2645076830418343,2.283100152216746,2.2953852833928607,2.3102706601693366,2.324315970457225,2.336175371339841,2.3471493194230395,2.35805630110611,2.3703764890378825,2.3836612231739793,2.393085898494212,2.399743370432731,2.4116489540687924,2.420939708147915,2.42740362657866,2.4349214635290757
0.26,0.2513881944106207,0.4968542196864481,0.7123675861841448,0.897534675637269,1.0463156747758673,1.1682091366677076,1.2831831031309056,1.3836704557654225,1.4702431821043191,1.5417503744073076,1.598812245043029,1.6649489577155996,1.7229916341810498,1.768771484939726,1.8116647047626087,1.859564899142405,1.8929168164259378,1.9307685810504136,1.961866787579338,1.995580409106597,2.025301881403038,2.052224399280127,2.079316865448136,2.101179764912642,2.125659452760091,2.1459943564536217,2.165099881555729,2.18415828682307,2.2047396189661175,2.2250086620492686,2.2349992733598634,2.256269358210648,2.2699214918927746,2.2858734881710836,2.2935616427045415,2.3100305569852653,2.328156955660532,2.336237994009909,2.3501161134506936,2.363457577559014,2.3720385957731933,2.386377865851545,2.3957278052160706,2.3992247440103904,2.4124088885416883,2.426147240219625,2.4303644332809573,2.439769666184608
0.27,0.2560529991985302,0.5084907785930836,0.722744427132462,0.9003343928756603,1.0567929614771496,1.1830839180910206,1.292249627163857,1.3864819263640429,1.4591860965483392,1.544589091689694,1.6135308661132899,1.6664145281642486,1.7240568579388544,1.7736130999061996,1.8205898921772579,1.8580129417599847,1.8964978137057258,1.9369946796345177,1.9718148721481275,1.9982306260813159,2.02472689761076,2.057247424828608,2.079997504993874,2.105237891513296,2.127419120338607,2.143950320069977,2.173439416897776,2.1919822003286846,2.206334919262885,2.2217924045163473,2.2467970327408473,2.255334656019906,2.275948548777046,2.2910531319576,2.3030650433597235,2.3153609607303705,2.333080166774049,2.33543311310128,2.352975750951373,2.366732983109693,2.3731949637000707,2.3913033923959017,2.3948938818146153,2.4075237336504682,2.416479997295092,2.4242365312052474,2.433083819834648,2.442057518664689
0.28,0.2535780689695306,0.509737526911237,0.7144131614970397,0.9058829429108357,1.0538521613131253,1.1933103514783965,1.294221651684385,1.380131033797255,1.475547764067112,1.5559877258025703,1.6115117249803281,1.6703232514029955,1.7284333158849854,1.7732775468149116,1.8291767594263402,1.8725064989316702,1.9019391100312728,1.9364483012554066,1.973350927814869,2.0063340451944343,2.0362582611765077,2.0573599772079305,2.0876010045606135,2.1079101750034033,2.1345075542292604,2.1505114835557158,2.1731023044246602,2.194538788245184,2.2144264345126863,2.2345209211788544,2.249352699834729,2.264211658942545,2.2730903835722707,2.292109780790031,2.3070451256404816,2.314319389018398,2.3357797385177084,2.3407978443773847,2.3555744606994184,2.366533833654692,2.37789631708429,2.3892793015753275,2.4000890770252292,2.4111458196239317,2.4237169518781236,2.428098624688623,2.4360364817340305,2.4473219020609003
0.29,0.25280831920323843,0.5092037033547553,0.7285952264067027,0.9041294562099402,1.0665270067196995,1.19630824776637,1.2969923663614105,1.3947613542532977,1.4873680301847951,1.5587564691069307,1.6223198110439672,1.6779674902114643,1.7339783086753704,1.784282405064453,1.8294882271796218,1.8642021165506562,1.908855184923007,1.9444887660982413,1.976409899794112,2.00915235569732,2.0406620025396727,2.0626785443400757,2.087441970034638,2.111539263832447,2.137491800083951,2.1609831571627924,2.1771456278662855,2.1960452136006907,2.2186436108243215,2.232069431653027,2.250741467902229,2.2650054490306175,2.2839941451454835,2.2912028763554764,2.3045976120790908,2.320653692330731,2.3334818721090356,2.3472372614110664,2.3549648083221277,2.3721334172338415,2.383742566752488,2.394225889886349,2.40121244395298,2.41202111542689,2.4244187227454805,2.4323374896189636,2.437199837501076,2.449296669273358
0.3,0.2558712521280584,0.5121910403628632,0.7267341261721595,0.9132590887535094,1.061651684690186,1.1932091779428613,1.3044959058906345,1.4088702965524016,1.4854585045827717,1.564125003687419,1.6240875665325618,1.6867177143501821,1.740154864288726,1.787078848822012,1.831504601790743,1.865797244286748,1.9178423404308191,1.9482962491381584,1.9948743124287658,2.0078259982895275,2.041409955820374,2.0699457769989134,2.0936680690473386,2.1151079633003484,2.1417175989602275,2.1554847025027386,2.177728662090837,2.201606076321322,2.216408819933972,2.2319519263845087,2.2513306698482993,2.267605328380082,2.282696796513792,2.298877765549534,2.3135300065995392,2.323929629385947,2.332712764559358,2.3565999586291717,2.362646971671173,2.3722502443815126,2.3857796854578117,2.3945193842637544,2.4084534166620455,2.416060996601482,2.4281957203118316,2.436525578988937,2.441556453645519,2.4509957328300924
0.31,0.25630216119553445,0.510354924422431,0.7340001049062814,0.9127683644708108,1.0776397186715563,1.2018353589416062,1.314057442989585,1.4073379164303526,1.4910186412523392,1.563098452776202,1.6324497895218668,1.6902218778079185,1.7427235148510627,1.8010163926015306,1.8404085012193538,1.8800527050018714,1.91542933975433,1.9535538314072036,1.981703875155938,2.017137244559411,2.0501256133824874,2.068891319063106,2.0959798517713115,2.123327399765979,2.144892759833223,2.1696193019877987,2.179821337696043,2.205016579975423,2.219892208163243,2.242207691844289,2.2583126746939097,2.272258578904096,2.2867942578920615,2.3081811045597154,2.3168614839157122,2.33124864842749,2.3436783865203368,2.357001203749148,2.3620294155519312,2.3728015595503416,2.3906138302396522,2.399213284388681,2.4101773361240184,2.4200318307857107,2.428837747168292,2.4364875585896444,2.4448799868393576,2.4547662780333117
0.32,0.2583643574953683,0.5182296330621992,0.7419046221203627,0.9165878766091041,1.081207861062985,1.2129199037366998,1.3096008177077725,1.405643913680373,1.4896882760491035,1.5756381533580448,1.6345160405814685,1.692051857735538,1.7441161379115289,1.8008578251621594,1.8430557835269255,1.881068136499463,1.9199305616574387,1.9580966127849853,1.9881564706970412,2.02148694919109,2.0516703046327978,2.075900774855949,2.101436846760166,2.1253125643714856,2.1493280732640176,2.167802995448178,2.1929607219186917,2.211089517041268,2.2310543264191374,2.2468314960482405,2.260365940201105,2.2757901931840796,2.2983895882276895,2.304962681465433,2.3246357627896908,2.3357109773607254,2.342812861529691,2.3562564723765576,2.3672908755111592,2.380674505873392,2.389593255597937,2.4020590466911105,2.413427337033344,2.4193970360601345,2.4300349937936483,2.439063495073578,2.4516561151344685,2.4598258249263916
0.33,0.2619274065826407,0.5237660075461774,0.7498044817436749,0.9294519492413174,1.0775628239495336,1.212152080931798,1.3228182897275411,1.4217061565388025,1.498035482199319,1.5777168970425008,1.6428170348067137,1.7033764662579232,1.749268193788017,1.807278479341689,1.8484783453255214,1.889438273196441,1.9310952857615469,1.9609715390670244,2.0016007336847843,2.032681370753316,2.0584637351955655,2.080104466554041,2.103906377822922,2.133631754005378,2.151341509379884,2.175600597937172,2.1943405077238527,2.207963042149965,2.231350809840914,2.2463351083558267,2.2607177691030853,2.275969763131525,2.295207787580955,2.311665392211238,2.3232253295761867,2.335265132388261,2.347911483670739,2.3637162381138968,2.372924438235878,2.379465330622029,2.3950518396264933,2.408319284944387,2.4142285852322813,2.4257969787174893,2.437211919706975,2.440081642428778,2.4544763104287606,2.4599695187423243
0.34,0.26103423309838214,0.5244845924759853,0.7552858277973205,0.9376732198097182,1.0878387487580155,1.219804582446499,1.3355655871311842,1.433787859372359,1.5060670552507538,1.5783247046596365,1.6504446444832064,1.7017169695316505,1.761755463578086,1.8119752087262957,1.8527869760927256,1.8943501499847253,1.9420097768636102,1.966345748697481,2.000588148080956,2.0277865820015064,2.0619119936177084,2.094597663177417,2.1075583079951286,2.136301103783629,2.158150930766783,2.1771374702151296,2.200712310598428,2.2162029449715583,2.2325928526990775,2.2514487029162065,2.269603632526772,2.282124240053335,2.2990085685409727,2.31217155067572,2.326557277169304,2.3392131642499208,2.352960378968288,2.3639364056949863,2.3731478634889362,2.391321499355861,2.39705444006196,2.40751009055983,2.4209042133687855,2.4263228199134046,2.438108913779707,2.4457423611945535,2.456095265723419,2.462453953873621
0.35000000000000003,0.25965113835837683,0.5251630543845047,0.7568770969931802,0.9400385081787059,1.0977267702485027,1.2282547671955937,1.3335052075958433,1.4337516372231822,1.5229149157538753,1.6009034143339873,1.6580778564907999,1.7211186627190322,1.7723248278639583,1.8204387120215848,1.8569417182452677,1.8997774487269485,1.9389380530083753,1.9758548784758185,2.0085693832796716,2.0347695879283143,2.06862216648083,2.0881993808876254,2.1129365151702126,2.1369069674078482,2.1578495234240758,2.181643470536831,2.2041981571303686,2.2183997624749807,2.2407458030832044,2.2581190138038574,2.268472053201709,2.2876627162561034,2.3022717460546356,2.3191915974869852,2.3271285145368643,2.3407457002325485,2.356565029735554,2.369800607190491,2.3828833167188717,2.3938421715575844,2.4028541955156664,2.412192577942873,2.4212246127413284,2.43068538918489,2.442063317491751,2.450907074028193,2.4613437177292066,2.466875739611534
0.36,0.26889037747679717,0.5319208199260206,0.7606249912269147,0.9501908305438808,1.0962486057293417,1.2321459149457041,1.3526915516000768,1.4430010602264176,1.5139093719384131,1.5997648140082947,1.663164791896811,1.7229207191185716,1.7766607132827343,1.8180742726635424,1.866156325777768,1.9074043728108045,1.945661785311514,1.9795877216648605,2.0135336295132,2.0379227547370404,2.0706829227193264,2.0971945116524804,2.1226516992114286,2.144709770100293,2.1613355000198555,2.1852217343948728,2.210124368262901,2.2224472620167983,2.243135424743283,2.260073210592494,2.2741181531182026,2.2973992879838088,2.307885493396345,2.3168986293213565,2.3351865848456717,2.3486336984023115,2.359030113577767,2.3668144402002262,2.3825485669951854,2.3927308039076687,2.4072827016626257,2.414289101100264,2.427864151526622,2.4365137100783736,2.443911686340754,2.4568692049699603,2.4623807770362767,2.4720439852331846
0.37,0.26540205926150157,0.5279193122549528,0.7646909096549884,0.947052217852761,1.1128167275637049,1.2403274136366154,1.3482008212431538,1.4478195270355163,1.5343802072438588,1.6050604910753121,1.66868957348341,1.733164964893499,1.783377088716305,1.832524359171303,1.8760516651054704,1.915556980913224,1.9547604501037135,1.9881421222074886,2.0154432490630296,2.0430681123965764,2.0734414399860497,2.1027630218610547,2.129530156052168,2.1480441304098274,2.174300200677488,2.1902779069726974,2.2112624928746425,2.229887609657787,2.2458990211043313,2.265458039105954,2.282050490004178,2.294382578125482,2.3144376651452796,2.324864477603044,2.3376023052484545,2.352727392006762,2.3674880564127516,2.3764215054444713,2.38423090529236,2.3985879599384283,2.4054666749404148,2.4218094942575377,2.428520747148437,2.438551707152349,2.4492804934792822,2.4576369778736575,2.46565781554342,2.476253536614078
0.38,0.26949091784408014,0.5325460243124963,0.7724459506701465,0.9502417413292594,1.121753782015665,1.2458472903716074,1.3645002907777903,1.4503138138198108,1.5383802992417264,1.6152320069305668,1.6774089755145705,1.728054008606822,1.792047373113882,1.8323497963207256,1.8816296335560287,1.9213472468318038,1.9576533636899494,1.991729456759361,2.0184729700588777,2.055195219581938,2.080120444262353,2.1070024344616463,2.1290985997951326,2.1520193662893075,2.1824933787087386,2.1948919740114046,2.2201311404352646,2.230368873194358,2.253479133679668,2.2683131684853755,2.2896889044543887,2.299303806024457,2.314746849810569,2.3283412937327816,2.342469727291323,2.355955257104383,2.3687110028972227,2.379654696417169,2.393712187646594,2.403175292268839,2.4136370031172536,2.42111663182147,2.428809983790091,2.446073676911877,2.4493040111265327,2.4612965996392275,2.4684608216912385,2.4804672199051057
0.39,0.27016513948094134,0.5333605438643997,0.7786270342641011,0.9716823251579311,1.1285088824199854,1.2558335547871935,1.367332449948562,1.4636871939408616,1.5428428563197176,1.6199768665310867,1.6855574367974195,1.7383347649846477,1.7972716948951515,1.834377259699912,1.881534246699562,1.9309707552857704,1.9589692920036368,1.9987944619249203,2.030148304408437,2.06527394993664,2.086349602798058,2.109596357652469,2.136188835058957,2.1600386743432574,2.180678910036821,2.2089430835832626,2.223066085085425,2.2398008733511743,2.252947213007663,2.275356643393895,2.2896716893183084,2.302732082963567,2.321348708110799,2.332697909557081,2.3484597370055535,2.3642039169582696,2.368596687779129,2.3843330266276603,2.3962500977200234,2.402870248935804,2.423543555269735,2.4277356342098337,2.4365387868566235,2.44639188057563,2.461000248004721,2.4640708058721916,2.472928235463457,2.4804768704626357
0.4,0.2703080947035661,0.5446722966207074,0.7652123461336579,0.9733906342725941,1.1322470550465504,1.2680249159573436,1.3779270560095938,1.4638887558551341,1.5480203825331331,1.6263438594620097,1.6904500087829737,1.743663037492346,1.8048932041510972,1.8450755609325735,1.8947987451866006,1.937093934467175,1.9756398099705623,2.0019325798094285,2.038323219839071,2.0698464055730095,2.0923921718544607,2.1178363663146107,2.1395979256067665,2.1625149141677467,2.188020276717384,2.2061209619785043,2.2272557894903735,2.2462064045400085,2.262270417070844,2.278546042299462,2.294918313221642,2.3069657001924897,2.3253586056298183,2.340456002627594,2.348583114196532,2.3640214960054173,2.3767926245435347,2.386651644634064,2.39524106795212,2.4112139355131865,2.421009990297528,2.431920417669934,2.44123314279533,2.451701303969958,2.4620790986907966,2.4680981809148945,2.480149786059388,2.4856644801021046
0.41000000000000003,0.27750823896760946,0.5531158078773104,0.7885142874599992,0.9769974301502907,1.1338211656708828,1.2682507848703,1.3843142160766642,1.4913097031648652,1.5637454236673733,1.635369890744077,1.6973492229939362,1.7567953578145041,1.8098903516587128,1.8494373555899128,1.9014195037789827,1.941701304417435,1.9754240785758947,2.0093437632535966,2.0392318835688084,2.0701726117663233,2.104452065205745,2.11873225392192,2.145340818679434,2.1712098337275245,2.194064183531245,2.209820727613933,2.2333487872850495,2.255507380544426,2.271582348468018,2.2831507456283897,2.300027017353888,2.312648951464558,2.3262376574517423,2.341253818262504,2.3543356052803115,2.3713535312238845,2.3822952092145835,2.3935950486641264,2.406598332192483,2.4178129533925,2.425567375674493,2.4356646855718767,2.443822286371016,2.454333966296058,2.4625246686502646,2.4728087564026153,2.480274956265791,2.4866202034868468
0.42,0.27574804258595076,0.5572296159913721,0.79869198034499,0.9851322664125559,1.1343978972875395,1.2749624969991706,1.389015431151683,1.4867749303409135,1.564705864909079,1.6435295798799274,1.7040989310621986,1.7621400345655456,1.8223103588081582,1.8649714765248597,1.907049820748228,1.9436275058501622,1.9895552793356166,2.019462858712578,2.0493766111139013,2.0790069550302435,2.106901123526158,2.1321851154084404,2.1545234666312276,2.1736064760132785,2.20232729876174,2.2167524700871164,2.2364289970566618,2.2520022818543475,2.272635543878735,2.291405879536569,2.3044407337708646,2.3165770052103882,2.3407805777056803,2.3499552848746745,2.36251538761882,2.3778152690036563,2.3862840278109423,2.399536323331059,2.4104509826213416,2.41804329699154,2.431731311785863,2.443685921533168,2.451374435171112,2.4604784149781733,2.470997465732811,2.475147877250758,2.4860099145604484,2.493750614799295
0.43,0.28064457218262545,0.5520741179260227,0.8010970744692836,0.9864853995463643,1.152883207465822,1.2894381126783159,1.4015692257733894,1.489175880944088,1.5784672949831375,1.645414943466529,1.7141376774015193,1.7750305220108158,1.8184378119846074,1.869388289328881,1.9129119292113441,1.9560974745506658,1.9912723636442768,2.0218766937555737,2.058754941835548,2.0843089443791514,2.111588392383266,2.1390301852395694,2.1558383625370983,2.18216867847079,2.1996581900162115,2.226974959545482,2.2422961246924533,2.264078420436963,2.2780059531536203,2.2927357137763447,2.30443527880112,2.3252589805730888,2.3424562238121434,2.3500394862432628,2.3681961159329026,2.382111908873055,2.3946796330957394,2.4021174966441294,2.4147144180328715,2.4265069761963454,2.43497164061063,2.445567891015744,2.454955040509284,2.4603426598584863,2.471993196696228,2.4801239693518484,2.4897710898479875,2.5021732994531862
0.44,0.2794553276725347,0.5556186289117595,0.8017688530980179,1.0007015828346315,1.1555999116143711,1.2844274613307538,1.4001471312069984,1.507260761188208,1.5819496106873003,1.6594723906637745,1.7207787002699115,1.7766641720230594,1.8255060252754476,1.8768077866708845,1.9227720597905982,1.9605843669385312,1.9984642846549636,2.02934806817054,2.0621914616986206,2.0873949610628935,2.115541819496766,2.139482168224182,2.168271523644019,2.1884804152901296,2.208273893844289,2.2257929400190015,2.250765659604722,2.265135101341279,2.2869620648589954,2.3023469947087083,2.3132484542043965,2.3316016796696144,2.343566189823645,2.3630593347104876,2.3696698076760474,2.386013026614911,2.3966884904451726,2.4097652497743787,2.420838580565956,2.431707608340273,2.4409242309246677,2.450849490877754,2.4596687758780993,2.4692214577664027,2.4787980840235457,2.484275663235548,2.4923733421339698,2.5032736505574458
0.45,0.2862171644311055,0.5654523924645731,0.8071124986839451,1.0101607739887386,1.1641413291049314,1.3057722378059682,1.4191332816742968,1.5140494081668994,1.5951646635481285,1.662801834181515,1.7340983048701861,1.7895717495915195,1.8400520641801108,1.8871033890180664,1.9356759318369468,1.969136955833069,2.0076820496148304,2.037385671200784,2.0719783684240083,2.09913976478066,2.1251925917468006,2.1471480162762355,2.171901934249307,2.200024866037499,2.2198085985734166,2.235192936886537,2.260643213016197,2.272223179075053,2.2922285572828596,2.3023802189625315,2.3210414161042916,2.338543280159325,2.3474702547745054,2.3680588448408724,2.3748532016533255,2.389207291911609,2.4034721496448612,2.4132518210537617,2.421260426241555,2.436321301297636,2.444324312165951,2.4550034889755072,2.465292740486451,2.477002474050967,2.4802533933936726,2.4876187404195242,2.501704774839515,2.506994262171574
0.46,0.2869790668404125,0.5695399706015521,0.8159797793937881,1.0081039631847233,1.1719718203310996,1.3109278124184922,1.4247022842964243,1.5109703755174326,1.6088022743675734,1.6784882600798336,1.7476734954375646,1.7925646934345159,1.850019584221697,1.8936053727063478,1.9378382943091255,1.9750686002207842,2.0121608133032494,2.043981667023732,2.07634072651452,2.1090763546806324,2.1347949346782107,2.154633714228434,2.1839528744837735,2.205300442026077,2.2220885332748885,2.2414927149990937,2.261015965062629,2.2799924362968715,2.294028141609916,2.3140873202837593,2.3293312723376465,2.3410289674826252,2.3511448268934014,2.371338077900901,2.384507322494929,2.3966034967334773,2.4065462000085525,2.4162017076025695,2.429097191517303,2.4383888668115388,2.4469938081204763,2.4592972111653504,2.4683334323540547,2.4785324954777193,2.486729262105888,2.498030079579952,2.5058177689771117,2.5115411351888453
0.47000000000000003,0.2855506853607453,0.5721926724939748,0.8211708685576998,1.0113378018884156,1.18107900054313,1.3248006416915412,1.434902099515215,1.530956941740025,1.6121093282633654,1.6941804656036465,1.7542952022790357,1.8103173502412875,1.8577956095616683,1.9044746609982492,1.9443976605247266,1.9827513720687255,2.0217636269368247,2.0502759466447054,2.082364867918913,2.120087137629596,2.1326639956114652,2.162614721812971,2.1845045369586416,2.206601084561371,2.228473659499784,2.2495175988903684,2.2708730648089994,2.283618922871392,2.300764457682145,2.3206595906179635,2.335900473036572,2.34905979585699,2.3644438883387573,2.3730730280481023,2.3886124940669307,2.3999076428574946,2.4128458765180665,2.4235351482152137,2.4312256718488148,2.445281491051631,2.457105145919413,2.463578430730364,2.4721372340466834,2.482319273825337,2.4901021505338274,2.4994642222290997,2.5069386800785463,2.5153434188793242
0.48,0.2937035512825417,0.5814288839278656,0.8179503892643877,1.031524916843548,1.1859518973304426,1.3294182788109687,1.4541360706075948,1.5347149490551768,1.6152862731423854,1.6915077132351088,1.763220712340265,1.8152802035894195,1.8716952312315387,1.9237404285696953,1.9470881485673113,1.9892455313741155,2.031655104328168,2.0565891983583278,2.0940261921985557,2.118712114241426,2.146893521549594,2.171595801078311,2.1950038390269593,2.214718545664363,2.231065876310732,2.260026860476484,2.2737281412345065,2.2934645054921163,2.311082286659556,2.3246800871995985,2.3413600190237576,2.3567531859194313,2.367454300679101,2.3806993572776336,2.394475618106634,2.401670552846597,2.417296987712616,2.4287384134349232,2.436965108088709,2.449604648242629,2.4628638220215073,2.4722221275377527,2.478334214515468,2.4861329364072864,2.4952402762277806,2.5040855656097865,2.5148011024714743,2.521576277696303
0.49,0.2951912445983827,0.5939423483943108,0.8378072328603916,1.0385053519717191,1.2028858141806618,1.3385482870970735,1.4627674458633635,1.55343323749596,1.6296532133080794,1.708212053312451,1.7663378221709964,1.829499510306904,1.8755134932460091,1.927459127350522,1.9654791836564973,1.9967594552220114,2.0411434925339647,2.0726569111554927,2.1001091642133605,2.1255212199335456,2.1581910903893387,2.1823569256182767,2.202467904446658,2.223519783300891,2.242376205272168,2.2659009268606574,2.2841774030311934,2.29904972539832,2.3178677690206526,2.331952466574764,2.3483269034764036,2.3642253707165746,2.371435773561239,2.384115745450953,2.4004129533243304,2.4113369590450513,2.421240507570973,2.4310679634089207,2.4466872474946486,2.4566215824985784,2.465333271384873,2.4755948481716232,2.4866442953225745,2.496046083116773,2.503607280882349,2.512129502998419,2.5174366325153428,2.5296213541042096
0.5,0.29284248257492707,0.5919181419085126,0.8458114874635801,1.048688412722907,1.2021865820452022,1.345277895830738,1.4628177414457186,1.5622223087991045,1.645075700608834,1.7152813375573273,1.7798611678907748,1.833003655818322,1.8805740330524479,1.933264334774981,1.9724160896539693,2.0039885636795907,2.044681739710829,2.0801434948827273,2.1071765962956674,2.132847722665753,2.1613394812755087,2.1841317282058923,2.2054501548646086,2.2335182849348723,2.251470700570262,2.2709712104398556,2.288688604849166,2.3061429519162093,2.324505472810093,2.338042599059141,2.3565180407573143,2.3652718804313015,2.3758006340109206,2.3931329887240853,2.407198627848121,2.419679888074199,2.429593689416886,2.4372923314323227,2.4518800416869495,2.4630419323928003,2.47276467444636,2.481948090394976,2.4897529395044904,2.4996873846530563,2.504368874649622,2.513222326083791,2.5240330495496592,2.5320227679812515
0.51,0.30685957024794436,0.6046215800539512,0.8507559389623451,1.0555517906248328,1.2208481364840988,1.3598838485610454,1.4771127387960523,1.5651218704708776,1.650370314918161,1.7276159644617315,1.7864994626149764,1.846961113937077,1.8907738403223167,1.940385414737704,1.9844262065889284,2.01966051754162,2.0540917945837536,2.092005068674059,2.1191425763708183,2.1425432327059615,2.1758313025637745,2.1957168490707777,2.2131048658764665,2.2351265009821857,2.258766269071506,2.277177865657013,2.2917773104191483,2.3130889380791606,2.3323988841811167,2.3473111489369,2.3567534995152544,2.3717263672021165,2.384524758557952,2.400447900569586,2.411821908726394,2.4258069849124686,2.431664982681342,2.4481401806926475,2.457149328756133,2.4671286455419223,2.477109752228523,2.4852248744390306,2.4944178562114034,2.503905901966349,2.5087692617136064,2.5202104030259718,2.5302213140411305,2.536388004449661
0.52,0.3061509000679375,0.6071263191136973,0.8581380599465542,1.0593069597080675,1.2273714029636114,1.3720633073878432,1.4856801602436462,1.583106993165351,1.6585867391952087,1.7277604653247858,1.8009456711161538,1.8545273514241367,1.8996241013440531,1.9496994594238821,1.994004198746205,2.029995655287262,2.065476552537773,2.094126459336173,2.130733665036555,2.1512275837824757,2.177829772977803,2.2014729861490583,2.2226578244219457,2.247719944978004,2.2695225645416888,2.2823003232914516,2.307105277943703,2.318809148118632,2.3360563571995034,2.354815808851917,2.3694569535852414,2.381209357272241,2.3916142401101244,2.4061179445577365,2.4231006024837716,2.4312031597351638,2.439943859233879,2.453749322854074,2.464506844124265,2.4741767469529217,2.4845051229485087,2.4928039169173304,2.5002644659960396,2.510388816344478,2.514554659397896,2.5240792642268572,2.533082440293118,2.5384641513976525
0.53,0.3022119996904509,0.6157753643555646,0.8538999833441239,1.066908044929469,1.2391672321452911,1.3798041607508118,1.4935484364776066,1.589367285250474,1.6646083792641517,1.7449724654176098,1.8111734162795246,1.8639251352014778,1.9096992418678789,1.9558138647652603,2.008334592163057,2.0400471538386316,2.074314368975969,2.1062719955922167,2.1322033340161286,2.166699184021709,2.1900858675713715,2.206554635263692,2.2297751894494477,2.2516796574433684,2.2778688595420453,2.2939817917167815,2.3093139768856044,2.328223464884447,2.342144525467609,2.3608591669910837,2.3719349078455396,2.3886548432836396,2.4034019352390823,2.4122186823355083,2.4240581714868576,2.4387957290045876,2.445940551840713,2.4599377381951464,2.4703224330364484,2.4775156953087336,2.4905914596312098,2.5005332038774823,2.5098697289925576,2.513684263967376,2.525670151722324,2.532757167030327,2.539540776354551,2.54756142667753
0.54,0.3129670294111803,0.617421465425105,0.8737627306387354,1.078509039614213,1.2479421616248314,1.3975542753553818,1.5104200673849946,1.6033567557196184,1.6855560925036994,1.7580763177028966,1.8131478813168664,1.875141638341604,1.9222831142205976,1.963751853321357,2.0104947736473044,2.044620037598702,2.0823328478893472,2.1144378663811674,2.1412598358465984,2.165873065697545,2.193705757599038,2.2218682476347595,2.238260892556826,2.2600046224645007,2.2801607473804952,2.303766909863834,2.3191166143853996,2.338484264330151,2.352179727319226,2.371800466190718,2.380028072091749,2.394133884836577,2.40859953822226,2.417153389351961,2.430478855496648,2.441891920690598,2.4555457966729555,2.464057211305717,2.4738001691066693,2.486368880756245,2.495248374051885,2.5062905235418818,2.5127640222990038,2.520990823164667,2.5331951414081693,2.53670957939632,2.546485208021489,2.5539607889852576
0.55,0.3072591068883932,0.6084944442607148,0.8688726598934572,1.0913989132205142,1.262487518969352,1.3958063909309772,1.5189151012514894,1.6107275767310194,1.6882283156243876,1.7622528353078792,1.825256988904755,1.8898359020792102,1.941071270127622,1.9757330477745672,2.023224693799347,2.057998383976808,2.0938476428414243,2.130131432875813,2.1511274575505333,2.1764043504174526,2.201967670114993,2.2293874878572595,2.250398559970803,2.272030650656446,2.2874717834107825,2.3109986597932184,2.323992206725913,2.3402522537894646,2.3568857309666877,2.3683111140244284,2.388373979447694,2.4009596569229226,2.4154858461437763,2.427162309861143,2.4376669031055354,2.4481218754266587,2.4616240775707574,2.473324190107144,2.4801430141358125,2.491597163805585,2.4980827520356135,2.5106618227651483,2.519448233845189,2.527552042337742,2.5348115539259415,2.546805853328675,2.553403335856349,2.5579456800258273
0.56,0.3126848036446477,0.6259549951799663,0.8875852124396243,1.0977014705271473,1.2569097439608286,1.4037446940216993,1.5283438929949686,1.6241884940007991,1.7091634042644663,1.780203261456512,1.84002665967129,1.8892763627351032,1.9475245932916492,1.9908985145957863,2.032533489083458,2.066078899124983,2.102951327569771,2.1261607750556784,2.162106293702007,2.185408652842481,2.213871645101998,2.2354432246103833,2.255403699709498,2.2806286345739006,2.297289369141554,2.3181192978832006,2.337794646653592,2.3543853745587713,2.3709481478414673,2.380939108272666,2.3958953463014203,2.4085164197202076,2.4219349372384693,2.43600356023112,2.4455317071992497,2.4575680548901824,2.469914581853891,2.4806912076989582,2.488036938874036,2.4966646651417905,2.5076070531972654,2.5171816879519096,2.5285466067982147,2.5338434056801438,2.5393734321119434,2.5502904479637643,2.560818698181758,2.567553536758765
0.5700000000000001,0.3115876997435294,0.631644083219996,0.9014908907779802,1.1071787678337,1.2802746241682628,1.4209410225370773,1.545354507203017,1.6387276878328971,1.7233104556833854,1.7919686317169339,1.8609115942087369,1.9116761488543197,1.961153197116646,2.001210614481412,2.041503733856993,2.080009178689522,2.115418067478822,2.1367163507147335,2.173661938918049,2.1960181369651908,2.220087478755363,2.248030583336686,2.2711176361520353,2.287341206033067,2.3098338569139862,2.3207769173406816,2.3410455195750988,2.3570000360206707,2.3778268396033893,2.385066730708628,2.3988963910152976,2.4180118082014572,2.4308448920549792,2.4415654529542614,2.4507934073424544,2.4646684966802,2.4713171562754668,2.4860934697480452,2.4943776615746565,2.5057289160535174,2.513933482532334,2.5227965716099106,2.5305017920507598,2.539425277666823,2.5497456408102446,2.556701849273519,2.563107414016325,2.5677842832121214
0.58,0.3176919109705384,0.635975971377026,0.8965896819194239,1.1204774758462015,1.2938256949184648,1.4341281058369468,1.5337522828944565,1.6502288115839023,1.730570643260261,1.7983535736068643,1.8637089851108122,1.921934068273279,1.9707715939783506,2.014031518485718,2.0529800182425615,2.0888816459776613,2.1217011642208172,2.14888546656889,2.1784286639391315,2.207763535721437,2.230626952029216,2.257557408347233,2.274379074961641,2.300378302719973,2.318528728458723,2.3330051459744197,2.3485665864574807,2.364594526243232,2.382149362438434,2.3998242537980294,2.4117979894910864,2.4239643514366693,2.4381887263470134,2.444747316896868,2.463162800362944,2.4746626851397275,2.4831184789420666,2.4935704560807372,2.5012501281960198,2.5096096608019596,2.5229426946377025,2.5304677007315126,2.5385687882809473,2.54581793295412,2.5540245127602073,2.5624414244053773,2.5675430110122246,2.5768656792737894
0.59,0.32408721994442885,0.6378667704568729,0.9051366170908652,1.12331763828771,1.3075405258108137,1.4476147991276624,1.562931248797929,1.6522674436758855,1.749255879307037,1.8102436135498678,1.8746418127927809,1.9277305356776324,1.9822905676159017,2.019356254607898,2.0618809928772874,2.1015774833045704,2.130782319266338,2.161254682330809,2.1909421353314302,2.213733919801933,2.2419486583171824,2.26523481512161,2.288873445318205,2.3052556287941277,2.332141025754969,2.344278505133887,2.3593740369997933,2.3749801371829524,2.39141632999928,2.4045742078690355,2.4179355129439344,2.43075652071658,2.442282043593952,2.4583287095878523,2.469095531961414,2.4762136991233894,2.4896647609949203,2.500731911169882,2.5091746143099734,2.522161097707779,2.5270634359616024,2.536672318567717,2.544365923754819,2.553048728196496,2.561736396602123,2.5720469520130673,2.5760596725462666,2.583604009810473
0.6,0.3234825944262819,0.6460296697962563,0.9227848973289058,1.1332945281152116,1.3118865819777612,1.4380644705125178,1.5763126381290546,1.6744355437557907,1.749264965457091,1.8186446346023473,1.89212528105906,1.944199065821149,1.999661309369966,2.0326475832524946,2.069495530302106,2.110880857980301,2.1451571556766957,2.1781569094081368,2.202739300923259,2.2245222254547197,2.250208627225162,2.270509612280139,2.293876845564244,2.313629291719535,2.3342351681506384,2.355434540046314,2.370191593783983,2.3845643639619523,2.398902052461319,2.4149024381943924,2.425667625319805,2.438137821373197,2.4514222322704127,2.46591596275558,2.4791073927937113,2.4881783437981877,2.5002017343358394,2.5041196953549187,2.5174557315223898,2.522380875946367,2.5353062447314825,2.544640931912713,2.550707930634163,2.5616857470723398,2.572552179653791,2.575523566040469,2.584470774224036,2.590463632134462
0.61,0.3276336694237862,0.6556599190124902,0.923292947591249,1.1417379775632102,1.324072916296011,1.4634117667506152,1.5784052061949205,1.6817046335355277,1.7671418830031735,1.840116780197833,1.9037082867772257,1.967759821276271,2.0043325866520187,2.0509229134865037,2.082335438554659,2.1264440446571755,2.1558764708533293,2.1854481458225252,2.213710188541174,2.242106090806926,2.2607382650034498,2.2874405793353723,2.30559801719024,2.325433950754751,2.345039576703598,2.3645379725533684,2.3822609083126567,2.3920007968749393,2.4053661658012113,2.419528688865181,2.4341571758893172,2.4531167507360823,2.458489656913509,2.4728411237751513,2.4878551444008687,2.4933842833481075,2.5031188457945857,2.5126136397680328,2.524116468233916,2.5332642136958237,2.5462322912268203,2.550763508909944,2.5593087823615144,2.5663974706196746,2.5732560018116257,2.5833179536409836,2.5909120754034234,2.596423683325603
0.62,0.32772340427123103,0.6553172678379917,0.9376225651310092,1.1523687053755018,1.341212653960742,1.4803385545439114,1.595316984327313,1.6977743217341923,1.7740814550578003,1.8463095107224246,1.9135918937275374,1.9671490674015344,2.018851552736413,2.058920600121023,2.0964259881641603,2.1343661338472315,2.166747373650545,2.1953674920120982,2.2226004216559314,2.24794681026366,2.270695118599536,2.2929132438736093,2.318566343262192,2.3351521105885795,2.3513895530990405,2.370409007586707,2.3838752802350047,2.4059693609644315,2.420063941071775,2.430708196784613,2.443609016764588,2.4587945598684255,2.4719782038630256,2.480650931763664,2.492684769832169,2.504016038688283,2.512389526287658,2.524073531853597,2.5333150015880617,2.5429397713008948,2.5528934472053604,2.555844459471143,2.5668295624881323,2.571464754568077,2.580215887539021,2.5885080643123484,2.596638952561134,2.60381072637242
0.63,0.3300131269826119,0.6549937985885963,0.9350473800893662,1.160821389590197,1.344743778534912,1.4901284316085874,1.6023559000492005,1.7048786039691062,1.7973798102079983,1.866404450205288,1.9268781271560433,1.9784816940212855,2.025217084996556,2.0683628110862666,2.1093238336114375,2.145500276553556,2.179540603786022,2.2057322083267588,2.2327199186129545,2.2621232789799,2.285685349479623,2.3066365835975975,2.3279112528198174,2.3443423635228555,2.3645603987446844,2.378710299433335,2.3948650464682926,2.4090933336796843,2.4244933779223725,2.4388645009921786,2.4522770403227936,2.463745677080184,2.4765485403576584,2.490787135679105,2.503699865971,2.5099788544099613,2.5192828533662652,2.5293055213031654,2.540254745385084,2.5497160482095795,2.5583935580671,2.562986351670098,2.5746064542615676,2.582670348302807,2.588474399122152,2.5969455255808103,2.601701057495758,2.6105217688790474
0.64,0.33932767735477604,0.6746071559133691,0.9516921119882247,1.1826753479602372,1.354461185894351,1.5054599359016232,1.6198378445211397,1.7180460187514213,1.8034990098772454,1.8853674391855704,1.9431207862965674,1.9955197290616822,2.0416765952669853,2.083490654921795,2.1236050275105316,2.1537391056496493,2.1919793166647916,2.222506501429746,2.248452713850512,2.272628258557471,2.2972955028580997,2.317738737391416,2.3345636697921766,2.355385075075289,2.3751401003581796,2.3875559781668936,2.4059536751490787,2.423232156303318,2.4376732109805026,2.448283632456089,2.4636999779075466,2.473284436118992,2.487650239801039,2.4993274154765617,2.5083255598621017,2.5207671208818803,2.5308997493130794,2.5385766896084805,2.549995517933535,2.555971602164175,2.5656817303821526,2.574254996555186,2.583118027469689,2.589944167843262,2.5970539201081464,2.6058409657665886,2.612673671983495,2.61723932455329
0.65,0.3362469832129715,0.676337239201919,0.9700463889160013,1.1870730136695746,1.3653248836902152,1.5094283856330304,1.6311958042355021,1.737058048224719,1.821859521194809,1.8907146479607169,1.9523747878931403,2.0059387704217313,2.0556876098669474,2.0986792216012677,2.1319500032839844,2.1692450107223524,2.2006018759064117,2.2319083629788574,2.25839313826763,2.281096598150611,2.3069906180900706,2.3290112635204094,2.347169014778128,2.3670961226529146,2.384286538374966,2.400369007836578,2.4191853747753274,2.428962668669587,2.4431334063408876,2.457965670399247,2.472576864207097,2.4837019009750767,2.495155955434061,2.506866516636097,2.5167345538105144,2.5289655543969283,2.539715008483752,2.547702340934661,2.552738846288922,2.564523474116,2.574224733925129,2.580796867861273,2.58910196742267,2.5983280300228584,2.605715994041612,2.61268167980436,2.616898649406165,2.625370373494689
0.66,0.3389001757048655,0.6782385112309489,0.983335692677449,1.19589047029825,1.3904097883745694,1.5329696546292562,1.6545399717206828,1.7483208433114732,1.8332100253051749,1.9054718304375637,1.9669031288481675,2.0210097875647235,2.063851055989656,2.1129467921659884,2.1452027472471142,2.1819707966945034,2.213057630544257,2.2428564393547976,2.2727301753916196,2.2917252555413126,2.3191376568282838,2.3388615415161147,2.361082316997478,2.372929031303223,2.391589342178246,2.4102997410315266,2.427372686072457,2.44021262165976,2.4559993771247473,2.471269743766974,2.478448312387205,2.494104235241764,2.5063009432777115,2.51583931936775,2.5273985082550534,2.5367704559366193,2.5473639495919342,2.5568916009003595,2.562613055388909,2.576398427004704,2.5831687556896044,2.590164505494919,2.5970186527275554,2.604836944964355,2.6121927571946824,2.6196190627768803,2.628079163852427,2.6314575107731564
0.67,0.34142498272538485,0.6858050897368887,0.966859759063134,1.217808806653039,1.3890562796666641,1.5409853418556905,1.6585160460497819,1.7659685728858894,1.85027050418484,1.909230330101893,1.9822331548286156,2.0355241575438985,2.0815785890200478,2.1231125412848915,2.1649655143898228,2.1957696872592978,2.2315259842899295,2.2540370757047286,2.280876545231259,2.306454657839291,2.3278336756008775,2.3517702334486112,2.366551018902192,2.388265004908573,2.4056124345901817,2.4214308826015785,2.435282710897316,2.453364716303512,2.4659108396156824,2.4773333855252604,2.4933817159756115,2.504319902248196,2.5124133911675286,2.524586663427109,2.537744332552656,2.546832383316425,2.555249161948529,2.564353017929764,2.572934132223455,2.5809876457358873,2.5908904170591787,2.599287700362703,2.6047893359038774,2.613445913168137,2.622001809201698,2.6291012557596214,2.6351388776334526,2.638429074025135
0.68,0.33997851625553405,0.700597603961892,0.9924800464403651,1.2133579827291125,1.4015691685411655,1.5624051229452778,1.683389551710762,1.7740213583066946,1.8583417244260867,1.935473088993358,1.9924193455278219,2.0502909703284558,2.097898680629648,2.142399187431931,2.181570416204964,2.2133479653362866,2.244851438575173,2.2728266878973726,2.2934644870964283,2.319803041952194,2.3409014687675236,2.3651047031847163,2.3814326548324045,2.3991950418426087,2.4159882929393905,2.433847813385837,2.451267336173118,2.4626673703421256,2.4794004092025683,2.491772087622231,2.5014455819414323,2.5118550897609238,2.5256126383505433,2.5379565455281248,2.5453165229840744,2.552665107781822,2.563859104032841,2.573568396343815,2.581536291925029,2.5887249788071056,2.5990943224526744,2.6076335432591202,2.6141319596493076,2.6215047840874512,2.6257952154146373,2.634681487152215,2.6406600205503237,2.647431714237667
0.6900000000000001,0.35199110737740325,0.707494021237688,0.997772733388267,1.2135057175490929,1.4216265176576508,1.5581338844581354,1.6897608735743233,1.7897651825096526,1.8798784124813972,1.9492273062553587,2.0002993483460525,2.066474220557331,2.1065236929895748,2.15592273257231,2.1918015675921034,2.2263554193286716,2.2542934098398635,2.281164070411562,2.305285124560849,2.3293161675530873,2.3515059401967475,2.377201212602689,2.3940442355389333,2.410444344377519,2.431337416647857,2.4476264551840514,2.459543409638719,2.4704841011098115,2.489752760854315,2.496701664508048,2.5134091839039376,2.524334342806389,2.537278732583674,2.547107442914745,2.554018691182154,2.564130642400927,2.5735419758052496,2.583763797654383,2.58867115772969,2.6001374607152283,2.6071134891709433,2.6131906183882103,2.6229178782118554,2.6288949476398176,2.6365486745992293,2.642366324177521,2.6520820002785714,2.656344654154669
0.7000000000000001,0.3643121725941614,0.7170840824695897,0.9900999093312732,1.249712463159533,1.4353278820205806,1.578316344472778,1.707810424859442,1.7926244101687685,1.8945167701972496,1.9667213125871308,2.0270315192601718,2.081063978887065,2.1251021104385748,2.1691347836193455,2.2053635255540818,2.2402093847003433,2.2593132957498874,2.3012407288305248,2.323854032699873,2.3456728936257787,2.36615100593385,2.38729012693222,2.40845456487485,2.423467638123325,2.4426875223837348,2.4527710142224644,2.470495160650178,2.485094620961213,2.495425147336359,2.5102748976192566,2.525409508041375,2.5336030306934725,2.5443482816106515,2.5543506924825,2.563830685834137,2.5755379853558695,2.5832167755809685,2.591157715693159,2.602355602427698,2.6081204090447665,2.6184364861446174,2.6232451436489574,2.6335937592372956,2.6386798802794056,2.6457734171005742,2.6506733508810796,2.65726821054946,2.663498395273115
0.71,0.3555556167530639,0.7171088047034525,1.0187660893944124,1.2574025788170557,1.4359345311032674,1.5915987326196033,1.7257827110704342,1.824495596314137,1.9014415144806602,1.980925758702352,2.03692970406495,2.0919944782966704,2.14305770337898,2.181811565665228,2.221132231841072,2.2492783412941564,2.2853596554205726,2.3069915893327964,2.337258654491353,2.3604750618024495,2.3795763054099597,2.3981847408717143,2.4176506512130875,2.4337357871728456,2.4533574918587417,2.466352993793049,2.4809539541191663,2.4976487968258905,2.5077141197308657,2.519697573262987,2.5325216448313568,2.544017956720009,2.5561782824591672,2.5651672428211016,2.578063379636093,2.5829917131965696,2.594617777046434,2.602995432561236,2.6117549048402826,2.618584296908375,2.6261825455804573,2.6355760848047676,2.641483216842664,2.64788703753357,2.654932450854285,2.6570450553804053,2.6661389710217613,2.6755532770183588
0.72,0.3617439707343387,0.7288322091629125,1.031012767956196,1.2536824522159777,1.4549488789215683,1.6020451565548401,1.7247828902803777,1.838373064012488,1.9191237037412707,1.9906852255690624,2.058960354328632,2.114688712045458,2.151331617302006,2.199788956386399,2.235646269169789,2.2692415181624,2.2929787509739286,2.3242368742802726,2.3463630810273144,2.368533735170887,2.3922731967089494,2.4103744524806396,2.4291172718032166,2.4494781383068296,2.4655972174498353,2.482072691028172,2.494097805539841,2.5070533854263193,2.5208486794331524,2.5348183653946146,2.546029607482271,2.5574023695708448,2.5685794416239487,2.5776703058208557,2.5852184708310735,2.598784965600048,2.6035219305978763,2.6117257108417515,2.6223370884472987,2.6281729253523354,2.6354540744186483,2.6436393270242617,2.6490021809154403,2.6563974667571166,2.662814378602666,2.6692115190826735,2.6762629649458773,2.6834351139343453
0.73,0.3661769153399043,0.7359551857813327,1.0349579525211525,1.2692458045336712,1.4725924650914977,1.6135747688596698,1.7423614416879363,1.8518751930086943,1.9382540040629146,2.0162647316529023,2.0675255197026883,2.1332786906945485,2.1693248843953916,2.2108188201803394,2.253655839559325,2.275515812175082,2.310097962116201,2.336909218796806,2.3644527789652097,2.3882395287900033,2.404196319657041,2.427980584026947,2.4451447020448476,2.46038847396569,2.4784445726151,2.491382613075497,2.5042592785235693,2.5236904288829596,2.529136261724928,2.5409827556250333,2.5554671253874566,2.566223691221662,2.576006919612626,2.5849333990677996,2.5954029854108702,2.606641681425066,2.6144963688813436,2.623341757477067,2.629013489431354,2.638573821558376,2.6454882398795485,2.6520282531612964,2.6598971529472424,2.6655534927399738,2.6729310873759866,2.6795719480677302,2.6851206387018456,2.690517759373798
0.74,0.3750919532089131,0.7394936975016912,1.04993138035702,1.2877177640680384,1.4844511035705545,1.6403332137102848,1.7639002661062178,1.8648052017892467,1.9576966770935824,2.021545361879114,2.089821684684688,2.143037481537223,2.1788027029536394,2.2255684747045974,2.264460999142413,2.2991649211561893,2.324645767677972,2.3496961526859597,2.3773274177815282,2.402554845392865,2.4208753016744753,2.4385834103474693,2.4593195562979173,2.4748143052303235,2.492312155076647,2.5063032825420133,2.5190829567183353,2.534831428463205,2.5429281365585945,2.55529150247659,2.5687492787149586,2.576308539968267,2.589037293511473,2.599335379047708,2.607743901096291,2.6154517709163345,2.6249517230793806,2.633341513304773,2.641992250389632,2.647048423717415,2.6573922787230093,2.6643652280264245,2.6704127486246017,2.6743619048206035,2.6827377057351516,2.6875440390075256,2.6958987692881546,2.700152766404516
0.75,0.38000727658083455,0.7348443674132631,1.055610555016499,1.3056246996641603,1.4931287626025929,1.6583465492977703,1.7859924048545255,1.8814903194224166,1.9692548537967958,2.03376554824412,2.1001080094829057,2.1526118452031024,2.2049707255706337,2.24891984409846,2.2846167067918923,2.310730500882558,2.3436471773284255,2.3701906614291457,2.388270435877063,2.411339835321999,2.4359204990557464,2.4534334489034966,2.4704703404113713,2.486881525593091,2.5020588269240025,2.520168652562324,2.53048347164314,2.5461750157933465,2.557283836735516,2.5675974088309754,2.5792160057039895,2.590076024220905,2.6009625911963328,2.6085150729438626,2.6203199551480703,2.628447660675656,2.6362229465443825,2.645392934697539,2.650114203273017,2.6592659066776396,2.66635578187355,2.6735604741473225,2.677380254000713,2.6887718669991783,2.690010074197904,2.6975563089636054,2.7033695511025417,2.708248020474464
0.76,0.38292376515366483,0.7482767128889596,1.0556324312552459,1.3101981435572077,1.5136642558417455,1.6649425465809058,1.8021489359847127,1.9051217423520437,1.9855599255665963,2.059295581892584,2.1180566638164917,2.174095036317588,2.2207094575569744,2.26320517419332,2.296113557149064,2.330355883790078,2.3569106580942316,2.3856340034598555,2.408928723495539,2.429111507476475,2.4471615547642522,2.4688834017032604,2.4841189698012154,2.5020616439923695,2.5186676284042777,2.5326635656276975,2.5451438877492056,2.557883914947156,2.570277093047671,2.5811990983890882,2.591252796418519,2.600344147310466,2.610040997532027,2.620718178442793,2.628677253888991,2.635843954777699,2.6466819646833555,2.65289869217497,2.6640951766817804,2.669383478298794,2.677284416335683,2.681863780543513,2.6873077925963944,2.697826897354785,2.700368264823084,2.706153268144441,2.715517973214913,2.717575887456286
0.77,0.3803967235373166,0.7635353604082704,1.0660033864687053,1.3326349595705638,1.5278672729303826,1.6750383998056564,1.8148596830694812,1.9165628948327393,2.0061713655948425,2.0740836688796347,2.140453578733679,2.1875995251956972,2.2392152771293614,2.2787900887135546,2.310352258978994,2.3462779101351803,2.3725011361601975,2.399817407474691,2.4232228681785264,2.4440778572933453,2.4662004863958336,2.4847346347311037,2.5026194571966056,2.5159517678967904,2.5316040402887086,2.546793547277138,2.557221232486042,2.572840953242333,2.5833894965418205,2.593243373421935,2.6041778014016037,2.6157663328642764,2.6229713732866866,2.634921082107738,2.641621107696965,2.6496095609646555,2.6583088292669426,2.6636911635526412,2.6749134981608043,2.679017054980164,2.688158996376351,2.6939450233947078,2.699662835663344,2.7059026927100867,2.7122115796878,2.718816652446777,2.724345286192479,2.7272415074113248
0.78,0.3890342591429495,0.7743439500766085,1.0903131906931036,1.3312907071654652,1.5344507994216308,1.6921674611276445,1.8298961640534794,1.9326448694984477,2.0134338444827824,2.092230820629273,2.1483994724059796,2.203311565596222,2.258497279754065,2.2912235411448836,2.3278130255775795,2.3598077930808787,2.3879481527509765,2.4127669399412945,2.4383127719156845,2.4634786485780555,2.4806538394674895,2.498232378998954,2.514746929579884,2.531573709874554,2.5469540565801845,2.559656424048571,2.570261942544593,2.5843212245804406,2.5957021124313173,2.608075364305524,2.617276939717206,2.627760992817579,2.635813097025309,2.64651576471591,2.6540631041622595,2.6640443824485667,2.6715729368832966,2.6794965083454865,2.6831519146682035,2.6914054661214633,2.6988789386379577,2.7049767727740734,2.7105587233711828,2.716198075468637,2.7232699876393154,2.728975002074523,2.733333859919794,2.7380675562736405
0.79,0.3853769293912103,0.7803720015722608,1.1053680199781413,1.3502562992677016,1.5513508375217282,1.7062976977155886,1.8450042451530038,1.9472746697772683,2.045589554929383,2.1056049442086806,2.17095063790044,2.2232263060992525,2.2701272358944897,2.3144871348673934,2.3487077661616977,2.377999395506814,2.4093704929296145,2.432660973455122,2.455146019868192,2.4755937481745693,2.4988744477679257,2.515175380966181,2.5306970596523235,2.546488335687347,2.5594155339536218,2.5728907691100815,2.5871988934207057,2.5998114879093883,2.6084930177364147,2.619666170922535,2.629984581551341,2.641384981248286,2.6472021558741927,2.6574908087189497,2.6659482876126224,2.6743839637924074,2.681910970501736,2.6894204003575704,2.6957255135358804,2.703109489975942,2.71120077374516,2.7165087502957865,2.722378279903932,2.7273029513160454,2.733181845631463,2.7390239572147212,2.7457853099198966,2.7497140899803703
0.8,0.3971239427901122,0.7781491020055098,1.0954416231812414,1.3631982228166744,1.5668741537562758,1.7332200594933398,1.8492680023400503,1.976096365730515,2.051502680444312,2.1324730360376734,2.185351924877975,2.243408618346585,2.287496506380401,2.3265158703547577,2.3641899009800085,2.399227054178522,2.4234645384939837,2.447427097441247,2.4710199971272346,2.494411519925129,2.5102369952731367,2.5288098775440733,2.5453269238799248,2.5612570216874784,2.5743662745780465,2.588146046293935,2.600200507892909,2.6105045318849007,2.624541784047672,2.633850156577487,2.643089293727249,2.6554755596090316,2.6631589088594465,2.6724186106672727,2.679714742838529,2.687995451054229,2.6947714771449855,2.701735506159037,2.708777511471724,2.714221707705681,2.722402383566914,2.727175556901159,2.7309474956215762,2.7407044842144312,2.74498429348004,2.750698565933975,2.7556294984431355,2.7600877009800264
0.81,0.400193595841678,0.7872492894764405,1.1272165660537716,1.3815128351490393,1.5771260003010479,1.746360712923941,1.874323660422649,1.985393109381454,2.0730881603454216,2.144695264471613,2.2058477623010733,2.2679270030819754,2.3061281533939995,2.3483220855367994,2.3818073567124705,2.4123571987803487,2.448445285304304,2.464886375134103,2.4882489513866,2.5053417900513164,2.5269440902181026,2.5445737232942456,2.5627403016162487,2.5771373233653017,2.5904089650527133,2.6062387345847484,2.6154394748244627,2.629413751468147,2.637868876223538,2.651458267091751,2.6596939961951804,2.667277529131221,2.6782714306498243,2.684061967831087,2.693359094922391,2.700373761002259,2.7070741563850538,2.71560067930228,2.7206494892711337,2.7300275798641733,2.7340989690626842,2.74082626820805,2.7443691724058463,2.7514913048774168,2.7540772139179923,2.761240686444336,2.7678845169441533,2.771231741073223
0.8200000000000001,0.3990141116497839,0.8004901627190679,1.1471809093966903,1.3884739236162835,1.5990964232047558,1.759807106792893,1.9020612592738129,2.0057013228838487,2.092544177869694,2.1659695204434577,2.2267355826384163,2.2790568150216903,2.32337948875504,2.362969759493108,2.397691155784744,2.432352070884308,2.459844122207636,2.4844749559843193,2.5063037281947405,2.5257239072850055,2.5448216771699532,2.5641015726749905,2.5789141810723826,2.5917274306753444,2.60460964484397,2.621291946380952,2.6329504618731003,2.6411639712231825,2.6535012193161873,2.663687940039509,2.674005359453031,2.6815886279330114,2.691461855471348,2.6999210951169257,2.7086688891549224,2.7141434279998395,2.721205641770064,2.7275087142852463,2.735602945903069,2.7392656988863093,2.745906481473202,2.7526216335429123,2.760644737829927,2.7639554695922706,2.7671744842110417,2.7742410828831416,2.77814187151626,2.781589675004514
0.8300000000000001,0.4037121825772407,0.8051109414350051,1.1337076704671487,1.407595302589362,1.607470602719087,1.7765314179417602,1.9152324117358595,2.016597395995238,2.109875637878689,2.187749969789009,2.245913368958606,2.2908804832379674,2.349654422140129,2.3873657757611033,2.4221203007171526,2.451748430164685,2.4743206013023427,2.5019581645962994,2.525002578633165,2.5447510169299554,2.5607107929950597,2.5816155831211445,2.5950743484953214,2.60899104280156,2.621831211498891,2.6365992341785915,2.6472302088101425,2.6584224415194497,2.6693981273490848,2.680030907637083,2.6890584171152674,2.69784537967097,2.705801783968007,2.7118513049972965,2.7204195173914933,2.7264898159089475,2.735529467531019,2.742847931362905,2.7488200954346858,2.7548508812619663,2.760608579922082,2.764200192994812,2.7712830795798644,2.7751848158346766,2.78101259223107,2.787952445756753,2.79069249425231,2.794932018590745
0.84,0.40257481344873214,0.8154231986758457,1.1486640066823068,1.4205093034689649,1.6329497687392902,1.7928489189444732,1.9298044509113355,2.0306836700947986,2.131898997213798,2.19983343418393,2.264797065001376,2.31725712684988,2.3641821220153814,2.402109502098799,2.435478617439081,2.4689369539908443,2.494991783784532,2.5215811531176215,2.542472661902017,2.5634059379081644,2.581488198549741,2.5969961200975322,2.6144623330976255,2.6282550024366387,2.6398986037672247,2.651455015037794,2.663657238745073,2.6756621848722233,2.6864026337870968,2.6936725236740604,2.702360383971693,2.710833654629577,2.718082715315398,2.7285322516828927,2.735987663648212,2.7425116180456492,2.7490886598871986,2.7546900440957662,2.760702514231646,2.769480653133631,2.7733474127999815,2.779026722498028,2.7829796645099196,2.788260480524574,2.792612111363106,2.7987982582198545,2.802483922527982,2.8066595245598585
0.85,0.4144081279084644,0.8116230797232333,1.1532834580730507,1.4345252533640804,1.6485633124993813,1.81558219716967,1.952347115355734,2.049665072302978,2.147106247433292,2.2161144637013077,2.2864543936697403,2.3420426171941537,2.385107696240827,2.420260924454516,2.4557046523048984,2.4902475861913906,2.5163064185516753,2.5394766357201526,2.562006766587825,2.581896395794014,2.602513606213139,2.616012327746916,2.6292893210281427,2.6454189389576435,2.6573113958507397,2.6688599643242075,2.682249434234007,2.690437808019564,2.700667648129668,2.7102166696311523,2.7204055458274663,2.7285498197932214,2.7348336773927255,2.7425177421629816,2.750344578134768,2.7560390191198145,2.763217510044065,2.7695569128605246,2.7747263068834487,2.780357956745999,2.785779497285035,2.791880764246927,2.795412886029854,2.8001746027892267,2.806664771876345,2.810922513175227,2.8143868636784837,2.81959742969069
0.86,0.4132962134400848,0.8144392412001658,1.1743202110216262,1.4472388625033228,1.6614076719297806,1.8324019736517012,1.9739031144473378,2.0812726879249177,2.172437131509991,2.2477618712479983,2.2967507297273944,2.360588549678599,2.4094005726030554,2.444061520438684,2.4787267349557314,2.50708266484392,2.5367937591155276,2.5591259798731634,2.578864631842762,2.60123477234362,2.618869059180943,2.6316328606612474,2.649779349564139,2.661198311668428,2.6731120119254568,2.6862462902789184,2.698960447929025,2.7079754763262827,2.7181125471596186,2.72694904602991,2.7342467739562797,2.743437972806023,2.751911334382762,2.7590646150524445,2.7660649770422734,2.773044347134769,2.7767416112116563,2.78310072642857,2.7903638684388876,2.795916388817445,2.799829497538656,2.805158116495043,2.811172018245128,2.815423114395978,2.820419940845918,2.823675061453206,2.8284257489027693,2.8328636695883134
0.87,0.4178117866080969,0.8393323387113649,1.1751381135695433,1.4651915811775893,1.6894921688291775,1.84512444228202,1.9890585034122266,2.09204423683015,2.1864820208761957,2.2643467107628874,2.328074314873869,2.3791548967804075,2.425392599786829,2.460885793917459,2.499198775345995,2.5258767964733004,2.554889400711874,2.583074541134108,2.6006316499093165,2.6195818856703275,2.638735656398042,2.654079880547804,2.669371570223229,2.68212450658965,2.6912641099279457,2.704976766216094,2.714505936861643,2.7272308257994626,2.7355774761254716,2.743656693709492,2.752087969219289,2.760861645019786,2.769062838789864,2.7755929289433494,2.780857396665061,2.787381110438733,2.792329882044765,2.799684250227583,2.80498165353153,2.810140155144328,2.8145235987450103,2.8206553337662568,2.825161877482997,2.8291602079082114,2.833773863136974,2.837574643492241,2.841463093332173,2.84544887125941
0.88,0.4311811176760657,0.8313665740611631,1.1911865889823303,1.4737640468729776,1.6841209922076934,1.8602634010062025,2.003377700312135,2.112066853894722,2.208259472297958,2.280757650041032,2.3521603066142807,2.3988858527120276,2.44307365066916,2.4847043274507716,2.5214436909124927,2.550206021500726,2.5788221733141574,2.5985756873899053,2.6216086676609613,2.6429394215186934,2.65570940959948,2.6723660343179847,2.689415438499133,2.700755854790168,2.7132607833701607,2.7240202583650235,2.7327899637903204,2.744066767126563,2.753266702670926,2.762053144991732,2.76920768039985,2.7779093232374352,2.784472810998619,2.7910822157249933,2.7977510010131765,2.8035665844630127,2.8094300085735524,2.8157015283578195,2.820652401992615,2.82495840941271,2.830703114741208,2.836949346168261,2.840799948736817,2.844652242737327,2.847864157403369,2.8524213241642697,2.8560923111309946,2.8598076891425808
0.89,0.4248384970406504,0.8554463914120405,1.2075810215480638,1.490017064824767,1.7016146288262826,1.8852551137366778,2.023490155288113,2.1370842520338287,2.2281478856017847,2.2988078478027405,2.368502610172651,2.4199322385418953,2.466623268729233,2.5043610979096766,2.536176485527156,2.5699978714445697,2.5919088411612923,2.622612199184742,2.6407791378226753,2.6616245818068136,2.676256353360809,2.6928805593824547,2.706060049264461,2.719241231826265,2.7330571585002628,2.7441174002446407,2.7528483644810233,2.7643216759768166,2.7715370002699844,2.780303788480968,2.7864984930646925,2.7950920570336493,2.8006753347603106,2.8079430831121153,2.813955021905382,2.819959752971824,2.8266843638825385,2.831210985614536,2.8361160799119727,2.841563207531958,2.8458327743984904,2.8506829993353913,2.8556870930232874,2.8591943039420245,2.8640906414803857,2.86707145932272,2.8701744474664457,2.874586438102702
0.9,0.43880031062289926,0.8529256303619857,1.2198345695374442,1.5047532806954123,1.7322821732292246,1.9040085908808173,2.044769271521008,2.158383205083219,2.2504058038233135,2.3288752119708658,2.39595649374841,2.4419915873167866,2.4910779845076387,2.52916231955705,2.5626945778644843,2.5902660308289622,2.6194820393835263,2.6434065794590462,2.658053598095071,2.6802358868529073,2.698743326701559,2.714950881517602,2.728363300127388,2.7414446805823043,2.752021224117749,2.7631994182142967,2.7725051181795566,2.7820073607475853,2.7909467758922,2.798007195513741,2.805768601047943,2.8136404713799767,2.82032158537941,2.8261351788781095,2.8327339204450137,2.8384522235512244,2.8430835476923946,2.8492738622282867,2.8534549147479673,2.8580007843317428,2.8616542458233427,2.8668461436354455,2.8722053252270587,2.8743880449888684,2.8795872365520467,2.8822455733755143,2.8859271302106055,2.890440866583673
0.91,0.4439633744637387,0.8738048785764063,1.231372733334725,1.5135691138538128,1.7413660460087952,1.922161697356267,2.0552167733397755,2.168712776596357,2.2696570430801875,2.343907396330149,2.4104972711820887,2.4655851760408343,2.5147570018655863,2.5441430900540074,2.5850734599906176,2.615672146456761,2.6412425293830273,2.662807789577899,2.683560284761844,2.7012987720524695,2.7204824858223375,2.7346412335775683,2.7499085898889226,2.759013772419189,2.772718654105668,2.7839454655535443,2.791427319089634,2.8031095377431505,2.8105707799633057,2.8184400030214567,2.823856833060621,2.8330968680667556,2.838331978856398,2.846220910091623,2.8509011823278136,2.8562913617397734,2.859704338128067,2.8665795897283908,2.8706371109828215,2.875198591539615,2.8797519520151202,2.8839072414154856,2.8878989017907735,2.8915954533717843,2.8945949660545915,2.899441555130821,2.9010697662080074,2.904821922745408
0.92,0.43786126535085124,0.8753650484534635,1.2445391434687587,1.5386226622489008,1.7658159580441333,1.9379177168108004,2.086205549309677,2.207790067745851,2.2920526794777043,2.3625981389099326,2.4307024668040635,2.4902667329358854,2.5366204360113667,2.572985855043196,2.6108645776742865,2.6360763113989725,2.6623925582301537,2.6895606633092943,2.707591513299266,2.7239691616941983,2.7400371650057096,2.7547152905152155,2.7708350908963113,2.782935257570155,2.7947274605739483,2.805235205464676,2.814331389965184,2.823499909139121,2.8310679448763056,2.837450315976792,2.8447579414449113,2.8517775630612543,2.858261619113082,2.8640124744179576,2.8695509138913478,2.874529027129138,2.8802848197488724,2.883891293745892,2.889701714291848,2.8933951349805764,2.8973979249259227,2.9007333722458797,2.905547849847724,2.90838178292522,2.9120320665939707,2.9156621759458194,2.918171517146878,2.9210417056493307
0.93,0.4495492958204941,0.8910999293945793,1.247673362443646,1.552080231440278,1.7847978806498068,1.9686675275062997,2.10252408414399,2.216391565879037,2.3109494943295794,2.3889931029737808,2.4514518297668237,2.516858303277911,2.559890344366773,2.597827089514213,2.632973797966415,2.655546321282525,2.6865249106066247,2.710936091055681,2.7293232965140124,2.74932690594751,2.763455157334082,2.7813940340814454,2.793830446481342,2.805520295752312,2.816084624282479,2.8250087359469083,2.8337730915391406,2.844251292936519,2.851868348702992,2.8579340876045176,2.8672174999258906,2.871690639527322,2.8778725171234583,2.8842900382640955,2.8907988651576115,2.8945747057635827,2.898621440161654,2.9042429325844457,2.907505030486305,2.9121233260815917,2.915178140422633,2.9207653818619743,2.923183254648634,2.926977810727288,2.929603228796869,2.933688870261916,2.9360445659296057,2.938253484307354
0.9400000000000001,0.43728700271709847,0.88344658826924,1.2672007102156129,1.5605134795071811,1.8095801064935166,1.986529952646403,2.1310299057848723,2.2392523185508524,2.337974828633703,2.4111147548482825,2.4802279697025393,2.5348137769685892,2.5811598586722373,2.616353608780404,2.6540364766595865,2.6826433477878724,2.713985654529911,2.7385484821607107,2.751633967742279,2.769066394781585,2.7891496975879035,2.802818279993085,2.812450801359984,2.8266328110472267,2.838758784988141,2.8502219720362736,2.8567379929803844,2.86410626077999,2.8734396109380493,2.8810256473136535,2.886887820559761,2.894825347858159,2.8998949320415046,2.904921821020732,2.91000934267976,2.9146662019443683,2.919058117272104,2.9230989204160958,2.9276136974964984,2.9309542088172256,2.9343516299654633,2.93842753559072,2.9420121151865586,2.9462896900989146,2.948251457225337,2.950784792041708,2.9539228256372883,2.9575014249480454
0.9500000000000001,0.45264901649830197,0.9183232238758319,1.2965502181591806,1.5695207925537586,1.8202088380834824,1.9938729365730055,2.1403666830211385,2.26324926998107,2.356462779686226,2.430390882442515,2.5027401759902097,2.5511345617051804,2.6029381847283983,2.6433077909095952,2.6809415842256668,2.7104594670955926,2.738203914282493,2.7586718064439073,2.780130758309825,2.797410763013747,2.8117790677852956,2.8260963803857333,2.8389654582784525,2.8512274852067696,2.8615371257189266,2.8730881874482574,2.881970403540212,2.889549879951622,2.896320884246984,2.9047038630798707,2.9091670442934046,2.9161422618322153,2.921681180564381,2.9260336521031194,2.931589311041429,2.9360731352269838,2.940774062278612,2.94465406877233,2.9481036934900113,2.9527863812259283,2.9553225140547768,2.9585216706133504,2.961740867116385,2.9655909447058937,2.96762387392038,2.9709517519993396,2.9732785283372176,2.976130759570259
0.96,0.4519165352914967,0.9193390070244806,1.2858220235230615,1.5952705463615962,1.8333340634431161,2.0175325856065904,2.1581758451215753,2.2818435007471733,2.3842425149897717,2.4641606213706155,2.526861223944089,2.5823343542336152,2.628136284205526,2.665093754206361,2.69917975812716,2.73656239795153,2.756440719737777,2.782282057430211,2.8054948967994893,2.8221182729879937,2.840436514002203,2.851418621169616,2.864652233207934,2.8754954670988764,2.885540614223644,2.89517060039164,2.9052063947625557,2.913619001850274,2.919748094140112,2.9273267826644718,2.933474482408432,2.9398123967205363,2.94408266492642,2.949760676773876,2.953818496646314,2.9583233434663496,2.9630958824082034,2.966936904915044,2.97111604074772,2.9745573821469615,2.977630049007773,2.9801928164494593,2.9828664962671048,2.9865114711787557,2.988486501491541,2.991474858302159,2.994213278504168,2.9959820248171125
0.97,0.4712149511388128,0.9269953770142986,1.3124783085056286,1.600232573937844,1.8588098260273769,2.030537876393535,2.1857396273478935,2.307338135958121,2.396786770283367,2.4780503175980604,2.548168052118696,2.604384019564927,2.6529884194666993,2.697492615655516,2.730779980192784,2.75964867157001,2.7867287892579284,2.8108363466467052,2.831535618738646,2.847535570220325,2.860518669890235,2.875793366767584,2.8907979657378786,2.901190307464303,2.9123816937520366,2.920697410023626,2.930224160699798,2.937370793829278,2.945614544576577,2.9528816206416377,2.9576592645114443,2.9643302959188413,2.970049227496007,2.974531433425416,2.9772853709321785,2.981759207662395,2.9853934266048103,2.9908622382343166,2.9937528138406284,2.997287246211757,2.9995640949319373,3.0032446457271367,3.0060046596768655,3.008352983467109,3.010922915498269,3.0135237958151886,3.0157082587971034,3.0175734278039097
0.98,0.4720963160687678,0.9373801932356596,1.3152346349304824,1.6271680947322884,1.8581345376390204,2.0652579082110885,2.2172078072956376,2.326864066916646,2.430942768462209,2.5069168817644014,2.580829899059068,2.628944843258398,2.686394408270093,2.7264954260376846,2.7583239432093696,2.7856569866670413,2.815428402646681,2.8355200549762465,2.854675303183245,2.8753972089756745,2.8897336152815423,2.903373591398621,2.9153329956624474,2.9281981025017627,2.9388579607811125,2.9478221491239154,2.9574192380636606,2.963054950804467,2.9713811918213353,2.9770855208327083,2.9842603433952393,2.9895373721525527,2.9950990984792467,3.000248789910916,3.0036220084603573,3.0084874137254154,3.0116022300948218,3.0156778780096265,3.0184882181831525,3.0224320820481116,3.025014955810123,3.027412257850542,3.0297159475723503,3.0324272883228875,3.035114228350235,3.0366902975789625,3.039092847509994,3.040952836913398
0.99,0.47427590770415484,0.9432458488379762,1.345072566619247,1.6456283015931759,1.8797362095511445,2.076539929981813,2.2390311431126957,2.3522174750147076,2.4483384759970352,2.528179618750756,2.597762262066453,2.656864674224067,2.7065488679560805,2.749156818035624,2.778163786836049,2.8141501489562324,2.8418906946745586,2.8630448428205875,2.8841745510676255,2.899127930311567,2.9193014249797606,2.932671111282047,2.942296403622192,2.955951402520248,2.963945673045406,2.975175097763184,2.982964112992794,2.9901304461242746,2.9990575939390776,3.004927378673603,3.0126049485611195,3.0157019570054735,3.021530797159563,3.026139017196001,3.0312131977388455,3.0333310739102095,3.0379241206653087,3.0427327614879585,3.0452483366544603,3.0476370336161716,3.0510107634311785,3.0537390854573925,3.056063729493764,3.0584217056851024,3.0604259211511518,3.0629313492411647,3.0650912435021245,3.0666786400440738
1.0,0.4799842315977883,0.946884841322151,1.3499355598905847,1.655624360553748,1.9082621518855947,2.100856893183308,2.2658764568375154,2.3901951941170783,2.4886972674438774,2.5591210381122074,2.628386807045637,2.6881290353657805,2.73157099468912,2.778745239927618,2.8140541046994922,2.8386673380287513,2.869320550809709,2.8903992758881727,2.914660398926824,2.930370846845203,2.943737154348647,2.9590654874063875,2.973039978936661,2.9820494237228763,2.996104564316942,3.005467691902314,3.0134442892257085,3.0206234070919833,3.0273676469832997,3.0353607079250224,3.040070255272617,3.044551313741674,3.0500989605910105,3.055924597444943,3.0594112934542883,3.0638447204197554,3.068465324205419,3.071076143409425,3.074086063687786,3.0770045337243985,3.079906971028639,3.0824054336913878,3.0844894525022646,3.0879607899363233,3.0892799881985766,3.0912815204726805,3.093459310435761,3.0953058060946987
